"","MElightcyan","MEsalmon","MEbrown","MEyellow","MEblue","MEmidnightblue","MEturquoise","MEblack","MEcyan","MEgreen","MEtan","MEgreenyellow","MEpink","MEmagenta","MEpurple","MEred","MEgrey"
"GDM20230512-I_CTAGTACG",-0.00481773615209909,0.036550139771181,0.012293445026181,0.00342157767129847,0.101850212410601,0.0161771941957028,0.026798890072163,-0.0218725492653375,-0.0056693265500537,0.0945590065769048,0.0072523397837486,-0.0155887378922915,-0.0116142980232076,-0.0170042669539235,-0.0100949098046991,-0.0164761225626537,0.0533605491034343
"GDM20231222-3_CTAAGCCT",-0.027399141844612,-0.0256450849494154,-0.0527033683672342,-0.0240718017409461,-0.0480848146943638,-0.0708047049711309,-0.059616804077713,-0.0419015435297313,-0.0218373165469975,0.00904354393400249,0.00716646304522462,0.0393696766468192,0.00996386428827926,0.0636830345668374,-0.00113448731294793,-0.00492334926993185,-0.0694866243787623
"GDM20231208-2_CAGCCTCG",-0.00167556171094739,0.023611890877199,-0.0725912162913445,0.00352800574962411,-0.0226353281647728,-0.0524912124709952,-0.0791166675204176,0.0600884182286242,0.00946119907837977,0.0599850421951425,0.0610690836803182,0.0492236209265061,0.179596924052207,-0.00366837294607968,0.018144383906141,0.0465837910452365,-0.0424414900836846
"GDM20231222-3_TAGATCGC",-0.0132899947136226,-0.0119164027239249,-0.00360255136435465,-0.0149731944317766,-0.00102623453977318,0.0474918164576719,0.0191400299179087,-0.042217587370405,-0.0162363868434174,-0.00987635635596351,-0.0113206959559139,-0.0178757373441605,-0.00207141300320813,-0.0105355471517803,-0.0138591608245228,-0.0184191091586465,-0.0164193836450914
"GDM20231208-3_GTAAGGAG",-0.0275304109116733,-0.036687952738267,-0.0823619070888774,-0.00132683099736505,-0.0430351960330074,-0.0398765211178532,-0.0843526027052532,-0.0199564810215665,0.024375756519289,0.0495532736656865,0.00829113422640371,0.00888896940247647,-0.00220382466570458,0.142059942716731,0.0209557798522285,0.111416015503234,-0.0619002005862008
"GDM20231222-3_AGAGTAGA",0.0136458833895584,0.0248572397845377,-0.00178777423707189,0.00524491982787121,0.0549584959421801,0.022152185195918,0.0106107741613709,-0.0191915355974242,0.00923023717423859,0.116682259426422,0.0312149042555834,0.0167442287947542,0.0255314954384785,-0.0176047347546356,-0.00209049918591507,-0.0143667975586722,0.0253027842779273
"GDM20231208-4_TCTCTCCG",-0.0392737809010993,-0.0484007652515323,-0.0961833781629177,-0.0180465323309693,-0.0716484335313484,-0.077592916907231,-0.112549230494133,0.00968177568761209,0.0346988194745991,0.0164294945949787,0.0361396439313232,0.0742406876728259,0.0232294324610782,0.0524730425945679,0.0264859470451369,-0.000321965268550394,-0.0967501825714113
"GDM20231222-3_AGCGTAGC",0.0432894256030643,-0.000900186837864358,-0.0310904477294529,0.00272126827036479,0.017375428862266,-0.0159873889175435,-0.0299126939514474,-0.0264758297334565,0.0052158451744026,0.0773636865402504,0.0849481036772041,0.0418730653389265,0.0606739863021731,-0.00444825394898789,0.00329641921029079,0.0264448420037779,-0.0178415924846334
"GDM20231222-4_TCGCCTTA",-0.00902754680180996,-0.0231242921811184,0.0085728108897188,-0.0210951811752678,-0.0292743117221292,-0.03574784563827,0.0158214057956965,-0.0455313748078546,-0.0112151872111065,-0.0291662340674041,-0.0139691220870399,0.0199313166728057,-0.0171921821295905,-0.0145714484578231,-0.0189120665843226,-0.0242103326463487,-0.0410080157490654
"GDM20231208-4_TAGATCGC",-0.0315158841514082,-0.0246362013495983,-0.090539225549531,-0.00422960339614956,-0.0492510213423659,-0.0643357706051974,-0.101987180802512,-0.0131055192782916,0.0541554138382512,0.0337795575406908,0.0424652254765976,0.11425502097215,0.0548010461216079,0.00422860067723749,0.038200052453315,0.0200307691197448,-0.0566788809303643
"GDM20231208-4_CTCTCTAT",0.0173058704365484,-0.00769788451651919,-0.00343329834899603,-0.00600963579363225,-0.0112195131223625,0.0367927452955383,0.00619772652697327,0.00802263394221966,0.0146795050412922,0.00837081374395593,0.0149938901155945,0.0200567109126774,0.0313090149942549,-0.00852382433359835,-0.00194643017263208,-0.0107833193643658,-0.0205863062701816
"GDM20231222-4_GCTCAGGA",-0.0141171768949636,-0.0075532705660696,-0.0160256900401131,-0.0164080294296111,-0.0340691953834338,0.0433470061184545,0.00692583408077449,-0.0207584064881261,-0.0169051097171222,-0.0412440784900064,-0.0234433369024973,-0.00395466196754897,0.00728234966872776,-0.0145680523068702,0.00236713837357689,-0.0151736394965903,-0.0382795508471306
"GDM20231215-1_AGAGTAGA",-0.000695956802552681,-0.0299605271348395,0.00548728097139319,-0.0124007961656939,-0.0369148115209004,-0.0346171027056686,0.0175204708927241,-0.0333194208890353,-0.0147852395045311,-0.0372997062877999,-0.0152507679805153,-0.0124714698364903,-0.0103608997270459,-0.0131284757611971,-0.00234513370632054,-0.0117211842099137,-0.0398612713083397
"GDM20231222-5_AGGAGTCC",-0.0465338914243139,-0.0572484251874449,-0.0906362571173803,-0.0242707622168131,-0.0932820849202711,-0.0754698071807907,-0.117130862956547,-0.073008709645943,-0.0118264285312951,-0.0514642953096113,-0.00578070511924834,-0.0274759516542531,-0.033644279106077,0.133497263737515,0.0798131341748797,0.13527496160811,-0.102861092076528
"GDM20231215-1_TTCTGCCT",-0.0285302242523426,-0.0374877564460308,-0.0586360655951903,-0.0235424616348376,-0.0694103893564853,-0.0147007000722601,-0.0566837158691882,-0.0497300021129568,-0.0143346458317937,-0.0513207378799337,-0.0215454521039394,0.00589330919062176,-0.0238414900948831,0.149963004129007,-0.0184782923912294,0.00923264775155651,-0.0856939788600702
"GDM20231222-4_CCTCTCTG",-0.0383359977139611,-0.0327381928847519,-0.0860068539588572,0.056560032544035,-0.0904050851828523,-0.0809769314601398,-0.129740339837053,-0.0683228250566804,0.0685002185537845,-0.0310754080242627,0.0459440102948336,-0.0136472550584444,-0.0221106606958511,0.0484645662382236,0.394783960119661,0.158486593871881,-0.0911102016291167
"GDM20231222-4_CAGCCTCG",-0.0447074268704404,-0.0538344282924755,-0.109327959432815,0.00150189926804154,-0.101156629861353,-0.0998270442463683,-0.146088009991656,-0.0821135843949834,0.0134930601639276,-0.0354792558033121,0.018040451860512,0.0182869622777368,-0.0247319010806471,0.0362907680524707,0.163082667372378,0.0546162732898074,-0.131092854723028
"GDM20231215-1_AGGAGTCC",-0.00616936847230849,-0.052899057177807,-0.0702043952841803,-0.0327505871408194,-0.0804005554844142,-0.0458450735380266,-0.0801910760843819,0.0229250520533127,-0.0338648607687847,-0.0310995085988049,-0.0250808282981879,0.000504303183033109,0.00533644376137941,0.0693352682146138,-0.00185544640131335,0.017473295437148,-0.0943097195649295
"GDM20231215-1_CATGCCTA",-0.0163470973108538,-0.00601295055975335,-0.0203477740648258,-0.0149340671338776,-0.0235832242867519,0.00849395777174828,-0.018213712337555,-0.0420068437870964,-0.0036970102092495,-0.0276132672651201,-0.0109940757769981,0.0432410294670156,-0.0200050916149605,-0.00443602961182529,0.00139461310781435,-0.00372113158574827,-0.0290895865942489
"GDM20231215-2_CCTCTCTG",-0.0288876780654116,-0.0292651850706141,-0.0279071712920458,-0.0240736745163171,-0.0377182154907019,-0.0522125865129158,-0.0216802703754558,-0.0458461091197479,-0.0113842468229698,-0.0156134566773507,-0.0133387231697197,-0.00353945708146685,-0.0056167235127756,-0.00083488283627203,-0.0044588991438571,-0.0190018093850378,-0.0525262862088868
"GDM20231229-3_ACTGCATA",0.00820657255539907,0.0221829744782943,-0.0251387459571099,-0.00358034678374213,0.0140629666379491,0.00427895819073078,-0.0241772453384504,-0.0154517900554074,0.0327355360336297,0.0768983755419704,0.0299936961939801,0.0467859267461131,0.059039387446889,-0.0122768758074485,0.00037675944377492,-0.00703435684960572,-0.0216602019386286
"GDM20231215-2_CAGCCTCG",-0.0233759372317785,0.005130893648489,-0.0331131008973803,-0.00344611039884282,0.0036248230172012,-0.0249939301258814,-0.0443720455983664,0.00510606197357067,0.0204728492449025,0.0592575114183381,0.0183326436984062,0.0680056205350436,0.134401725009862,-0.0104975001541203,-0.00909434071341799,-0.00557132007659046,-0.0357343844153818
"GDM20231215-2_GTAAGGAG",-0.00167559860578055,-0.0087016496570807,0.0115632123469115,-0.0186970711488021,-0.0170656509380311,0.0615339142667967,0.0333172166737987,-0.0431754325255184,-0.0252693294322371,-0.0234808025241311,-0.0143702966409625,-0.0177070539459009,0.0123033397026747,-0.0199744844250645,-0.0230464259805716,-0.0228593722659131,-0.0368694339162041
"GDM20231229-1_GTAAGGAG",0.0050270407532803,0.0109144377811944,-0.018898178702211,-0.00945662466043965,0.0102412961898722,-0.00049164132743986,-0.026811976153642,-0.00574193034182174,0.00135858229416396,0.0644712198205421,0.0247946640462532,0.0705363501356958,0.0605440650119988,-0.0205818471473878,-0.00919569329069329,-0.00333383695391391,-0.0188285176450031
"GDM20231229-1_TCCTCTAC",-0.00451015839189494,-0.0150403190806686,0.0237358462161689,-0.0198259878644956,-0.0087249943297993,0.0738012388238112,0.0509659971865152,-0.0394000628168032,-0.0245370929926272,-0.00409113349521888,-0.0163927101161166,-0.0303096126929374,-0.025187954563948,-0.0227976015803634,-0.0256277107151363,-0.0232646781300624,-0.0134769378417978
"GDM20231229-3_CTAAGCCT",-0.0264168370595239,-0.031763297446148,-0.0103228875837756,-0.0224577185569655,-0.0365338633276973,-0.040720975690569,0.00553529509007541,-0.031905041750305,-0.0214372258764265,-0.0296586605632692,-0.0201133253035519,-0.00219722916009128,0.0069747811508859,-0.0211700503907134,-0.0078430467403212,-0.0159356005490647,-0.0578368012374289
"GDM20231215-2_CTAAGCCT",-0.0276568567569175,-0.0376199307576987,-0.0322621264149666,-0.022348403367846,-0.0419983229892631,-0.0542540214703502,-0.0299859704413145,-0.0413901234668902,0.00283080357690888,-0.00397299327230422,-0.00201918374385209,0.0166423571902876,0.0274702304564146,-0.0107696395557936,0.00656429477864131,-0.0072261296842147,-0.0648133342822417
"GDM20231229-1_CTAAGCCT",-0.0116882170512613,-0.0307405683011168,-0.0299580998428323,-0.0188457173070657,-0.0340706446244663,0.016831838442004,-0.0170533904143436,-0.0131494488491291,0.00984953642769762,0.00223306850350238,0.00890407365526249,0.0315326736174397,0.0773460681187311,-0.0100649151196611,-0.00654635368295942,-0.0147076774656534,-0.0412238970555255
"GDM20231229-1_TCTCTCCG",-0.056561936211836,-0.0554785363341311,-0.108066899377166,-0.00889537202857323,-0.100798537791284,-0.0922588954534436,-0.138464209090506,-0.0854174849280288,-0.00284810733856489,-0.0647843336023824,-0.0101207806691239,-0.024493873772547,-0.0364838240039303,-0.00255832647888403,0.440658749718185,0.309732141686752,-0.130867874229263
"GDM20231229-1_GCGTAAGA",-0.00843231338733944,-0.014965710039161,0.013243895674118,-0.0194855440780973,-0.0123538213019859,-0.0299278671360022,0.0320066088884794,-0.0306163524841908,-0.0180339416330143,0.00272907542119846,-0.00719822304309758,-0.0208140838527075,-0.00208310463718877,-0.0171881970825714,-0.0176759463362524,-0.0231728117233467,-0.0315589536197154
"GDM20231215-2_TCTCTCCG",-0.0183288345047128,-0.0282946188531187,-0.00886234646998994,-0.0204452834463812,-0.0344810399225542,0.030864963229794,0.00435911887122592,-0.0445541023845617,-0.0092418632625004,-0.0191725423721575,-0.0112330368505788,-0.0182679534550119,0.00516796406785776,-0.0127973970370233,-0.00473406655895922,-0.0194679448566143,-0.0513258472979491
"GDM20231229-3_TCTCTCCG",-0.0337197681169932,-0.0210887631310571,-0.0897319580526316,-0.0195802727475546,-0.0548129525135058,-0.0641473494468192,-0.100464200541607,-0.0210290100413886,0.03872530519557,0.0406970457079231,0.0610609645753268,0.0400019050999791,0.109788166164193,0.0286625755102671,0.00625418510500509,0.0102170513156532,-0.0780622232486454
"GDM20231215-2_GCGTAAGA",-0.0293171339677028,-0.00669359047225206,-0.0748158609325795,-0.00223588236073263,-0.0492144761780222,-0.0570550729745052,-0.0890106534286238,-0.0256987183711191,0.0723920385005177,0.0205225095961646,0.0264067233005964,0.0428080484009677,0.0980593997388114,0.0587937894549334,0.0365107130100124,0.00631672658192557,-0.060824044446717
"GDM20231229-1_TAGATCGC",-0.00124240390459106,0.0112846819253396,-0.00962884238264266,-0.00386544873859505,0.00985475944645381,0.0173977983734691,5.83564047164481e-05,-0.0337577614498338,0.0100349074114374,0.0337193327775509,0.00110586619897246,0.00089611235818074,0.00404912039472089,-0.00926251013459202,0.00165657291704279,-0.0177106219847176,-0.0114166202452759
"GDM20231215-3_TAGATCGC",-0.0115012983632989,-0.00839802339858842,0.00210606914688827,-0.0187295422190142,-0.026324512529885,-0.0289543423386452,0.0205438953945609,-0.0400109397951448,-0.0214012722863911,-0.0343149863820187,-0.017547999322151,-0.00547292055100636,-0.0115166788566423,0.00740331135798989,-0.0141694423826896,-0.0132409423662591,-0.0394309228384731
"GDM20231215-3_CTCTCTAT",-0.0083816172001162,-0.00235053565946377,-0.0143234503560835,-0.00958264748899727,0.0170377398247997,0.00666116889783261,-0.0101142579919672,-0.0266045672560814,-0.00799568877328695,0.0598684923953118,0.00280804751554861,0.06137546431197,0.0123899350063182,-0.00850771342060492,-0.00915366493159317,-0.0129395309544798,-0.00674642173413929
"GDM20231215-3_AGAGTAGA",0.000584924620364259,-0.015218173231551,0.000796320302042131,-0.0106555789961745,-0.0127007056307898,0.0385663810702129,0.018911636395145,-0.0345803465281801,-0.0183201500618998,0.00390974124828723,0.00209864739316128,-0.0040077053511699,-0.00081023049290497,-0.00960600773232439,-0.00135845390445089,-0.01248245395541,-0.0208279042219206
"GDM20231215-3_AGCGTAGC",0.0438474426312439,0.0205004497894595,-0.0184184246536454,-0.00195591427959848,0.0216497880069566,0.00233561120523505,-0.0142010615088373,-0.0283802361792536,0.0363467428341952,0.0854258594889048,0.0568220660035704,0.0159075192071864,0.0348225564641244,-0.0102824259609106,0.00818258637628837,-0.00560952082493714,-0.013948067828496
"GDM20231215-3_TCGCCTTA",0.00861581320174647,-0.0122889520361731,-0.0217482737854986,-0.011918639774253,-0.0357743003415022,0.0151700281818653,-0.0109709334175681,-0.0444647438217817,-0.0149466438216528,-0.0142595469215252,-0.0163082606287338,-0.00746255941414811,-0.0136640389165199,0.0935575122092656,-0.00990586546936313,-0.00772252123933643,-0.0394637860231055
"GDM20231215-3_CTAGTACG",0.0563519503646387,-0.0062252315483921,-0.0502475291428404,-0.0173020639303674,-0.0155862236748979,-0.032939484374894,-0.0568654447876208,0.000613334900591945,0.0286817334064502,0.0731216837934396,0.0223186666716558,0.0773450089832518,0.109066595748756,0.00270658786858296,0.0136877382314542,0.0036885859013713,-0.0496774795471615
"GDM20231229-1_CTCTCTAT",-0.00812538447684965,-0.00448179746325185,-0.00751789575441592,-0.0083035760020404,0.00967492679489409,0.0117706346917757,-0.00574141899321138,-0.0142565914916685,0.00119477314721872,0.0493136781107671,0.0142530680616535,0.0378888653767875,0.0147430563591573,-0.0193317630359456,-0.0144457769621727,0.0172616989858014,-0.0166184023891662
"GDM20231215-3_TTCTGCCT",-0.00499629789875079,-0.016648688185251,0.013846789577391,-0.0196180918233196,-0.0086184799891973,0.0592697597030335,0.0361946027113642,-0.0364824711334448,-0.0149957348792695,-0.0103533567383678,-0.0160307426180562,-0.0192644569037068,-0.0224856022441367,-0.0195483597004832,-0.0195344593296397,-0.0209973522157373,-0.0167586835341721
"GDM20231229-3_GCGTAAGA",-0.0194349148260102,-0.014307264224209,0.00412447581289367,-0.0208247205523256,-0.0161463676455687,0.05850520613936,0.0258620473449102,-0.0363249042646448,-0.0108204805133894,-0.0159923770807557,-0.0126061908212332,0.00140420547961034,0.00288025546145671,-0.0182237123155082,-0.0232046421435168,-0.0207124579113169,-0.0269726240954569
"GDM20231229-1_AGAGTAGA",1.18098565517577e-05,-0.00684320598353613,0.0212468988573392,-0.0122415785144479,-0.00241782333757027,0.034281158606949,0.0413939859981957,-0.0356971326499554,-0.0149405721806138,-0.0195219391351656,-0.0175406725996242,-0.021805998886592,-0.0129379295938,-0.0172003353067734,-0.0182283433600147,-0.0178491352282463,-0.0031487879773051
"GDM20231229-3_TAGATCGC",-0.00519831715032587,0.00132571443677228,-0.000811248141186275,-0.0108334898036018,0.0118078377216621,0.0309707353313431,0.0109778587731821,-0.0308647708996047,0.0176417280969453,0.0217710417363373,-0.0042250867487231,0.0315567061168506,0.0372568742774494,-0.0179437796507941,-0.0165950498626146,-0.0203919137264897,-0.0142459605739586
"GDM20231215-3_GCTCAGGA",-0.0328279767272909,-0.0191244949396837,-0.032332980687979,-0.0272229689314714,-0.0403504408321119,0.00544719348199289,-0.0266654336686959,-0.0380375889379515,-0.00201603156883568,-0.0122861630221969,-0.00454415810995926,0.0238059756108584,0.0292670114791165,-0.0159322600946755,-0.00779742815567501,-0.0153476829387297,-0.0582141952751006
"GDM20231229-2_AGCGTAGC",-0.00687415998994271,-0.0120708438719631,0.0141220655923149,-0.0196002963787404,-0.00783051632845007,0.0597028629950636,0.0315270920799527,-0.0398655251440901,-0.0185408570525936,-0.0172261802991284,-0.0185438186453343,0.00766449420080494,-0.00846970555442594,-0.0214598422215051,-0.0204601920557838,-0.0219845397962483,-0.0210880718515137
"GDM20231229-2_TCGCCTTA",-0.00903601471889659,0.00209806721927328,0.0187871760930724,-0.0148201340071122,-0.00123457044679489,0.0758495983765595,0.0423517883383732,-0.0269072008296991,0.00048727600391979,0.00734259418929586,-0.0129868495244438,0.0046550976888646,-0.00680173826502064,-0.0223537839051592,-0.0224358476399559,-0.0224879498559506,-0.00905186913146899
"GDM20231215-4_AGGAGTCC",-0.0143998893214113,-0.0188601072861158,-0.0081443831196705,-0.0124904975316165,-0.0179957291392565,0.0366742668731881,0.00798797417902985,-0.0266427195530235,-0.00452688321176924,-0.000906737871760361,-0.000539413601033323,0.00281741811774266,0.0337539774728095,-0.00939109444967693,-0.003321967761346,-0.00389838391198872,-0.029683405059621
"GDM20231215-4_CATGCCTA",-0.00832580638618794,-0.0120771526989833,0.00408457617315577,-0.00811557933216128,0.00691470613147366,0.0332307487094493,0.00658781964466091,-0.0328178037451128,-0.0078975486849178,0.0445109573077,0.000317830465516972,0.00708455670675732,0.0250019015718426,-0.0164498256671527,0.00271031716118118,0.0037250765620235,-0.0172681633511618
"GDM20231229-2_CTAGTACG",0.0266469441737767,-0.00542014289190353,0.00859831087535945,-0.0129537289994092,0.000145563724536856,0.0323911221288925,0.0199378814863837,-0.0237236292708056,-0.00939633061441106,0.0245425185174269,-0.00476690434419471,0.0162649223776674,0.0226935791016139,-0.0208381077784399,-0.0157917425126967,-0.0157308502660693,-0.00903082734734702
"GDM20231229-2_TTCTGCCT",-0.0287536137522143,-0.0377718699549448,-0.091591583072352,-0.0140810687211933,-0.0829952912495989,-0.0654888135730842,-0.104830537635937,-0.0687265456934094,0.0046086689908388,-0.0165020234156111,0.00674227645696821,0.0191013775215805,-0.0215016822313468,0.266359091973853,-0.00416352941637149,0.00436620647476035,-0.100506812085927
"GDM20231229-3_CTCTCTAT",-0.00769163448293718,-0.0275478527689597,0.0207576315155495,-0.0223063228500307,-0.0216696791108011,0.0733991051234976,0.0490942288753344,-0.0390511391288211,-0.0327314260373731,-0.0348176931193503,-0.0265237349562989,-0.0220944510361498,-0.0139405367330675,-0.0222370150537971,-0.0260338321153877,-0.0253453886949183,-0.0289604531263176
"GDM20231215-4_CCTCTCTG",-0.0101613618141496,-0.00242657658726541,0.0348236891438493,-0.0129233894407773,0.0168481711190748,-0.0230777424450587,0.0573470006661876,-0.0413828178384712,-0.0301258709244148,-0.0302500505473735,-0.0241510240529411,-0.0365281850524647,-0.0163088260680768,-0.0219736701016248,-0.0248178078161707,-0.0246646913108268,0.0216605011294717
"GDM20231215-4_CAGCCTCG",-0.0374996126180846,-0.0201720856334302,-0.0705757785162606,0.000270099511614365,-0.0499893233237646,-0.0626765196765348,-0.0917220724845396,-0.0232311397538734,0.03149172726676,0.0452339863770886,0.0245109373588314,0.0583044072459867,0.140845825341389,-0.00310169384773505,0.0344412762951531,0.0727144055906819,-0.0624443090493457
"GDM20231215-4_GTAAGGAG",-0.0193036222252639,0.0189604572261793,-0.0332262544892732,-0.0164226724414538,0.023450354503091,-0.0210160469611364,-0.0246763100963936,0.013870294434016,0.0367128350185914,0.0767191549242362,0.0271856619000831,0.049708439371575,0.18054295185869,-0.0173716128296449,-0.00989169188478405,-0.0085033846257868,0.00125738104783054
"GDM20231215-4_TCCTCTAC",-0.0200053303351815,-0.0356973022540782,-0.0556440799814383,-0.018537019413318,-0.0422206878356921,-0.0206619334781094,-0.0445778134610781,-0.0297469510706832,0.023017802621975,0.00865160428880677,0.00723438373155003,0.0620664313191867,0.0596847920964379,-0.00630457420738648,1.18913249876917e-05,-0.00543094065242495,-0.0523312250594243
"GDM20231229-3_AGAGTAGA",-0.00539077923603333,-0.0144158736815298,0.0230479997717181,-0.0131485510421778,0.00543093041824007,0.0648515213598135,0.0456853250509161,-0.0316167084319969,-0.0242696191571388,-0.0260736895677389,-0.0212244883541815,-0.0278912615770256,0.0189058393806859,-0.0199448219178868,-0.0227871897699947,-0.0231110911117729,0.00433384483052685
"GDM20231229-3_AGCGTAGC",0.00997414245989603,-0.0129094620662165,-0.00773640762331302,-0.016159495206275,-0.019555854563353,0.0431588070310948,0.0128400549424503,-0.0244928151371122,-0.0122039296567048,0.000232602050820221,-0.0135436950701904,0.0304234265894005,0.0403478244941845,-0.0209911886902647,-0.0212972207372223,-0.0203245132548177,-0.0263054093418125
"GDM20231215-4_ACTGCATA",0.00293018848295511,-0.00470956886413731,-0.0103440223161165,-0.00557799423979174,0.0040783001558278,0.0115383133337816,-0.00858986224059538,-0.0172271873232064,0.00325608612270518,0.0404593462590779,0.0275572572259253,0.0205558288280945,0.0508983325945201,0.00156196305229334,-0.00551725676777833,-0.011553495710161,-0.0271669308390953
"GDM20231229-3_TCGCCTTA",-0.0150725338263636,0.0207202088524592,0.0063250686241968,-0.00844722222002369,0.0336613666099705,-0.0407011053415598,0.0146021196794028,-0.02924399468773,-0.00900897839880109,0.0450454435444786,0.00505391567944791,-0.00689160235454037,-0.00543457827154287,-0.0194553079915703,-0.0166552670924753,-0.0165142782497309,0.0173983197008758
"GDM20231229-2_AGGAGTCC",-0.0146673071149793,-0.00320809454469835,-0.00465262004143068,-0.0179919187921587,-0.0190282788214608,0.0312933553452658,0.0113248081975522,-0.0296086110617425,0.0039840760443963,0.00242998527991179,-0.0129448008107975,0.051580924544184,0.0188825486006442,-0.0216422706179162,-0.0172992861769465,0.00419023721208355,-0.0324945976669846
"GDM20231229-2_CATGCCTA",-0.0159888428753488,-0.0158209818919009,0.00510281959988284,-0.0158784839711838,-0.0176768431931157,-0.0336866907233208,0.0257022894927869,-0.0320910913702927,0.0172260669560109,-0.00693566364252376,0.00288123539030318,0.0275006486169014,0.0138476684673196,-0.0194937073397264,-0.0234548559223403,-0.0174852740334038,-0.0239287122450859
"GDM20231215-4_CTAAGCCT",-0.0194950828200579,-0.0157296637605893,-0.0204474453453949,-0.0157353506942555,-0.0240571347709997,-0.0525321073611308,-0.011661309683378,-0.0268263553930671,-0.00109056915635687,0.049428805450914,0.0074759536805366,0.0229823181200734,0.0712907947222857,-0.020922979291984,-0.0107160715601257,-0.0215599004190021,-0.0456136671522451
"GDM20231222-1_TCTCTCCG",-0.018132749035092,-0.00829557401644042,-0.0456216360014021,-0.00996758057458641,-0.00563982686732937,-0.0410075034433882,-0.054018611140398,-0.0348919353766274,0.0249602842996022,0.0674344776002724,0.0113339764574259,0.0338388829055407,0.0758803469729177,-0.000605462350356839,0.00181728212949713,0.00867852397231055,-0.040677363832473
"GDM20231229-2_CCTCTCTG",-0.0085647148170224,-0.0132892723889835,0.0175730141334073,-0.0165307409185273,-0.00903007732174171,0.0602595515996502,0.0314109528927245,-0.0381939610219837,-0.0180870557279689,-0.0108790887069523,-0.00828137428266172,-0.00429948434435376,0.0119360197753153,-0.0179792658539484,-0.0215360512592292,-0.0240981849660932,-0.0183929608109054
"GDM20231222-1_GCGTAAGA",-0.0237183544412699,-0.0206035009670519,-0.0345452291116687,-0.0197938080379848,-0.0405972690483298,0.00684112272701009,-0.0266852926649532,-0.0381026065735815,0.00278562306909242,-0.0125719454323742,-0.00711675829805872,0.0130878730629986,0.0370889503389291,0.00665024833119688,-0.00455532606526592,-0.0139158573653054,-0.0586353302294612
"GDM20231229-3_CTAGTACG",-0.0463941198327057,-0.041709321706928,-0.0821778288439516,0.013837662324823,-0.0886184762555556,-0.100390407727406,-0.129052352907286,-0.0822423626842016,0.0501405548099415,-0.0230570878895339,0.00341731332390871,-0.0255183778950763,0.007257245412601,0.146194324512518,0.207447656761353,0.118851880114617,-0.0953438929898269
"GDM20231222-1_TAGATCGC",0.000347316126105428,0.0405080734879219,0.0178884355529751,0.00599116178602361,0.0983765398191237,0.0130372602367386,0.0236224896330714,-0.027502787077911,-0.00143372115628614,0.0527396532794917,0.00271402771605931,-0.0147618844263235,-0.00852022020176049,-0.011098270093767,-0.0165104354787013,-0.0162248486801287,0.0696545888792822
"GDM20231222-1_CTCTCTAT",0.000515176681642021,0.0110620640605022,-0.00503574940109387,-0.00170020394029457,0.0242831242021702,-0.0508749580670159,-0.0012597272023427,-0.00382478231881661,0.0178738676069685,0.0737984167631989,0.0429051019347118,0.019077449757555,0.0690282253272585,-0.0152237446726769,-0.00658288543215089,-0.00912393866307225,0.00149711205098081
"GDM20231229-2_CAGCCTCG",-0.0160880480840063,-0.0110448733541592,0.0303544141075069,-0.0118649443989283,0.0083389754930407,0.0648869826440047,0.0456943740894316,-0.0372701177005329,-0.012344148805564,-0.00462102604662209,-0.016801649203945,-0.0114451489546002,-0.00042744540285863,-0.0209435700008176,-0.0208142941624196,-0.0228293681106763,0.00558001428918301
"GDM20231229-3_GTAAGGAG",-0.0189868565520059,-0.0184524738909372,0.00616950013440172,-0.0208695906144622,-0.0186915543352694,-0.0327278860441948,0.0207167765004481,-0.0385586194006893,-0.0122089577291323,-0.0201558300630706,-0.0242787414470101,-0.0183670899714767,0.00579643826422792,-0.0178553896199128,-0.0213855091287158,-0.0163527595352458,-0.0314341138599929
"GDM20231222-1_AGAGTAGA",-0.00310600470433652,0.00458196218815355,-0.0415763055062332,-0.0156922236766825,-0.0251316863208474,-0.014985216426476,-0.0453701416495858,-0.0323538807133238,-0.00518595754789023,0.0156102544588359,0.00428692827017187,0.102584950054425,0.0224326928926501,-0.00748612301493701,-0.0113110743350308,-0.00317698939200954,-0.0649108851971838
"GDM20231222-1_AGCGTAGC",-0.00544191223331794,-0.0127434130915793,0.00115601657394711,-0.0154284021489724,-0.0131007379993459,0.0513053202206913,0.0234327684347303,-0.0425429671865629,-0.00975074532750771,-0.00825279193814347,-0.0108961859086474,-0.0135097503518012,0.0062690771907995,-0.0143740965444617,-0.0152790877352749,-0.0153116981267451,-0.022137598858214
"GDM20231222-1_TCGCCTTA",-0.011958308282285,0.000140263215594395,0.00567902071852502,-0.0162114532367928,0.00251013827854138,0.0384091996758649,0.0251077414257566,-0.0444192784986862,-0.0171006979886934,-0.0370160127038434,-0.0270839394527487,-0.0244903767049372,-0.0175398223953847,0.0180934351626109,-0.017780816404155,-0.0113094019912756,-0.00620768286168079
"GDM20231222-1_CTAGTACG",0.00563847830675155,-0.00127188169687422,-0.0388050651366931,-0.0128159780925887,0.00309372566968553,0.000564368553114062,-0.0213459379864371,-0.0249321564220588,0.0172748979553145,0.0717238613131506,0.0235913955813386,0.0374543109120955,0.0605225796606184,-0.0147102206718119,-0.00875740494303488,-0.0123580416812225,-0.0161601613586269
"GDM20231222-2_TTCTGCCT",-0.0116964018206383,-0.0280070379826095,-0.0373701137350217,-0.0282412683904773,-0.0408414963479768,0.0149873166392289,-0.0197887296672632,-0.0389166868293414,0.00582740629916294,-0.0137847738190284,-0.0166852749922322,0.0146028334653126,0.0183811299507002,-0.00789560993159219,-0.00881255972629759,-0.00299744841330314,-0.0523466882062545
"GDM20231222-2_GCTCAGGA",-0.00549133404529762,0.0244474507511415,-0.000202456536399975,-0.00316023333750095,0.0562426763642948,0.0261802599908462,0.018577619939626,-0.0264794150888859,0.0267514233418603,0.111976364185065,0.0408724124096401,0.0306410752108649,0.0161939380306273,-0.0194529286156031,-0.0175468071024536,-0.0134494121104503,0.0269156718559748
"GDM20231229-3_TTCTGCCT",-0.00864167323033324,-0.0147881060412347,0.022830688102711,-0.0154296607289599,-0.0105590444476828,-0.0237163795796031,0.0380879122092584,-0.0383507920195572,-0.0133719560828542,0.000742278698133221,-0.00976872491474793,-0.0136664784127299,0.00795506320541095,-0.0212798078876826,-0.0205304222774773,-0.0222301748630723,-0.0189641070749378
"GDM20231229-3_GCTCAGGA",-0.0126536176273499,-0.0219481940969848,0.0144689240850638,-0.0212123014625089,-0.0167978839310335,0.0625746010605582,0.0424293941641509,-0.0325876484042519,-0.0240117742968122,-0.0199543628462945,-0.0192154214049704,-0.0151236888511516,0.0205493408834447,-0.0214290988905377,-0.0215128787715027,-0.0197219175944341,-0.0184792486019306
"GDM20231222-2_AGGAGTCC",-0.0182235626541332,-0.00863740074233474,0.0107441103732628,-0.0168949107939678,-0.0153643511083113,0.0504706383847972,0.0319141611415429,-0.0320096739084671,-0.0263801027321073,-0.0389926209262799,-0.0234026013199604,-0.00246892436524929,0.0166098072602993,-0.0163499631638794,-0.0153043123604713,-0.0226985755972715,-0.0145978572166391
"GDM20231222-4_CATGCCTA",-0.0487051269728923,-0.0568602643293502,-0.10515713215083,0.0146785950503452,-0.103183700560776,-0.0950822921031729,-0.14058590976426,-0.0851444357134014,0.0116955968607866,-0.0451437706369176,0.0057670350087623,0.00696624128321948,-0.0205352619698717,0.0122950082517877,0.57035235683052,0.11582050339533,-0.131660059907149
"GDM20230502-IV_AGCGTAGC",-0.0156239297484384,-0.00505434483493436,0.0255840394589344,-0.0144163259146962,0.00748590412103004,0.0671559785719766,0.0470042073333843,-0.0366796898658676,-0.0296470479825161,-0.0522752555515393,-0.0306877640232858,-0.0400007713761202,-0.0327834279654228,0.00556791262595953,-0.0204745044429073,-0.0162851112296576,0.0180587711092959
"GDM20230502-IV_CTAGTACG",-0.0202107556731662,-0.0186847960669228,-0.00210245557014985,-0.02174807035996,-0.0327810878339907,0.045712222448849,0.0209102665717361,-0.00715638345570123,-0.0384170824264419,-0.0611446799304466,-0.0367809042263054,-0.0406030709263847,-0.036340853626549,0.00150280525469011,-0.0192607756116599,-0.0162598128337968,-0.0298671108281716
"GDM20230502-IV_AGGAGTCC",-0.000862996907470712,0.0355858647196059,0.0173620950250812,0.00777693437000533,0.101844715401565,0.00530238058271031,0.0115340961839335,-0.023857896328235,-0.00233485345135499,0.0327583417228595,-0.00487727073808013,-0.0154262101537148,-0.0206446871468459,-0.0112037598810759,-0.000349362389691959,-0.00941888247907996,0.0823759467794367
"GDM20230502-V_GTAGAGAG",0.0127110550325287,0.0010294690420563,0.0274236999943054,-0.0143840219676039,0.0176729921172171,-0.03104961947641,0.037883865261123,-0.000135088810365945,-0.0150571001575195,0.00414593048584021,-0.000528785785169926,-0.02769420603729,-0.0290315897955419,-0.0221125588247772,-0.0238944862042112,-0.0180713147531096,0.0360247412937578
"GDM20230502-V_CCTCTCTG",-0.001426098719096,-0.0285524652445245,0.0122342347657509,-0.0196455530182294,-0.0196381037616468,0.053396307111356,0.0285343448010649,-0.0214034376924199,-0.0274058500605961,-0.0452904791537651,-0.0251820972284412,-0.0201877552105206,-0.0359749730443089,-4.97797655175252e-05,-0.0134928022466765,-0.0121998763951508,-0.0202798010317468
"GDM20230502-V_CAGCCTCG",0.0173125861256388,-0.000552861888707364,-0.0228827813396262,-0.0198940450163134,-0.0211143283026146,-0.00515999865728208,-0.0224116928914646,0.0766687677041367,-0.00762050576297386,0.00217725244721712,0.0116855806881551,-0.00406937387736119,-0.0232787237574143,-0.0203206631982674,-0.0011953356610088,0.00510640128254583,-0.0172760022840145
"GDM20230502-V_GTAAGGAG",-0.0159988686344914,-0.00343391794113146,0.00775209665552696,-0.0113005820123117,0.0279178956941504,-0.0437073427358193,0.0130216708897106,0.0442290082321725,-0.00356346387933408,0.030579401605004,0.0167663492759029,-0.0221243616195602,-0.0173307004725718,-0.01685043064705,-0.00360531829164683,-0.0102016475319491,0.0208827998161641
"GDM20230502-V_ACTGCATA",0.0077488031980191,0.043011473167182,-0.0111031797990513,0.00234610613291206,0.096273710434362,-0.0173367237517629,-0.0151558304712003,-0.0108061822941139,-0.00279588729585515,0.0509792323407516,0.00709652712347769,-0.0187806975046603,-0.0140830775368041,-0.0154388727036968,0.00381969289416482,-0.0083130745606883,0.0639362316883064
"GDM20230502-V_AAGGAGTA",-0.00387560129065693,-0.0173486754286499,0.0296405836856472,-0.0152625114841387,-0.0022603669665349,0.0745344726078628,0.0516499807947515,-0.0357545171788345,-0.0268956322508529,-0.0467654754275808,-0.0285625704936618,-0.0364128341613271,-0.0317105452299634,-0.0205997292298525,-0.0231451836126138,-0.0234032503774419,0.00687260729357408
"GDM20230502-V_CTAAGCCT",-0.0491008637287313,-0.0505268839344346,-0.101844878459213,0.00947120678119874,-0.0961024676882406,-0.0951005584181653,-0.133226907747232,-0.0592167431531894,0.00304219268451102,-0.044109305447258,0.000984032641024514,-0.0154644592269279,-0.0506865819038355,0.362350656527058,0.0771441380786182,0.0959243988235974,-0.0895027417168783
"GDM20230502-V_TCTCTCCG",0.0357609667905519,-0.0123361823210683,-0.0263197694473346,-0.00371304623237789,-0.0172610118331989,0.00306849616925295,-0.0151228275039584,0.0602284481233781,-0.0178704037422327,0.0205111765344075,0.00315741177415526,0.00514064809504166,-0.0331566729844302,-0.0153762460906335,0.00972288875447059,0.00609923179923476,-0.00344433585353701
"GDM20230502-V_GCGTAAGA",0.000298496302461076,-0.0234342804564689,-0.0385512879828513,-0.0100096305351464,-0.0197379270535984,-0.0334816935442058,-0.0375950199944906,0.15384738393356,0.00151590939017801,0.0337812394084844,0.0125807837879571,0.0195641026592252,-0.0101204574789086,-0.0126761121910654,0.00956197192979154,-0.013935956485264,-0.0198058351768907
"GDM20230502-V_TAGATCGC",-0.0112479896330809,0.00668799470637638,-0.0334818137534798,-0.00840795187307506,-0.00799169741220037,-0.0215163527613353,-0.0420540874594019,0.0689049893957075,0.0357641280964144,0.00302360913017926,0.0342812686060231,0.0246049727344439,-0.0240665824912347,-0.0149284952598088,0.00899070391754581,0.00367408629243286,0.00181438422575271
"GDM20230502-V_CTCTCTAT",0.0182253501254157,-0.00748113342707848,-0.0401427930171982,-0.00960664827058896,-0.0138085805033348,-0.0217339472143571,-0.0413916367804833,0.0261026447230748,0.00635498121677118,0.0139253498950637,-0.000482678270276928,0.0378719101225728,-0.0297796978430378,-0.00870232638731366,0.00665025229909448,-0.000921353363529611,-0.0230487930182308
"GDM20230502-V_AGAGTAGA",0.227181039860615,0.00734524043171314,-0.0376960918941751,0.000428764414928795,-0.00936641368219488,-0.0106315675545928,-0.0389108084921396,0.0272429705787483,0.00147265608841333,0.0301257895668867,0.0336121909124638,0.0312961004948382,-0.00336758609833324,0.00119144554752023,0.0334672924362403,0.0454989836663381,-0.0264268388446181
"GDM20230502-V_AGCGTAGC",0.157656704569017,-0.0136576875424076,-0.0404445317143649,-0.027376777051515,-0.0146241004921204,-0.0332990947158364,-0.0512516098615857,0.0987162916208721,-0.00771916674265929,-0.0109436045237686,0.000185168619091743,-0.0167169064842356,-0.0321048828598911,-0.0119362824150246,-0.00530100421861766,-0.0103747000481352,0.0163861661803795
"GDM20230502-V_TCGCCTTA",0.0105984654284881,-0.0160578534076718,-0.0368926748043187,-0.00667978357162637,-0.00923739166446927,-0.00451923390436053,-0.0345312558776268,0.0570750980029741,-0.00282805234564297,0.0183127662952582,0.0242506123677604,0.023262665077589,-0.0364054793635168,-0.0108143324038592,0.0145082546157433,0.016164983685353,-0.0259648334768569
"GDM20230512-I_GCTCAGGA",-0.00459134971538992,0.0334687892038707,0.0373247483845537,-0.00247762506044382,0.0951310168449095,-0.035312627417563,0.0555213631335519,-0.0298957975266375,-0.0232184031211495,0.000239938142552672,-0.0159814800474093,-0.0365296659152122,-0.0227469148157659,-0.0227083223248447,-0.0245942026023625,-0.0240130021869039,0.079035990442238
"GDM20230512-I_GTAGAGAG",-0.00627365871069472,0.00653748832265305,0.0259542742252754,-0.0105824837773969,0.0384760168510191,0.0520932438999209,0.0454128917284938,-0.0299075845094714,-0.0267358241587235,-0.0436847693406057,-0.0255427911406199,-0.0356834725962591,-0.0292087743046947,-0.0213031044755279,-0.0206886702874954,-0.0079428442402492,0.0377018187714313
"GDM20230512-I_CCTCTCTG",-0.0124678617104973,0.0401496763918654,-0.000495081517850376,0.00670619837981127,0.0934876108244442,-0.00249510076176812,-0.00211647337111553,-0.0259823382015255,-0.00831590428813568,0.045919876518075,0.00384809183888202,-0.0108000831167358,-0.0174200574481325,-0.00373767192855841,0.00898606687476174,-0.00215449514631164,0.0697828941457951
"GDM20230512-I_CAGCCTCG",0.00420425996997425,-0.000297485848883853,0.0135460579166427,-0.0123187104081023,0.00986025649360639,0.0476496528680362,0.0302302778733573,-0.0128355718602281,-0.0271044974526569,-0.0364124091692325,-0.0271628587200754,-0.03490677736576,-0.0195724452244872,-0.0146311946089015,-0.0146577152887446,-0.0165925940154019,0.0131945973722592
"GDM20230512-I_TCCTCTAC",-0.0225917060609642,-0.0216573906303395,0.0258269505489258,-0.0185094782617937,-0.0125512584644172,-0.0304380043482659,0.0406508463618512,-0.0211573801239307,-0.0336720092709463,-0.0602434474302423,-0.0303680200515799,-0.0285058035333922,-0.0288492197283206,-0.0160693347381393,-0.0138851076768309,-0.021542294723409,0.00203978406754998
"GDM20230512-I_ACTGCATA",-0.00378460410626961,-0.0227087711939841,0.0157903805739003,-0.0191742879069519,-0.0330452848367868,0.0875576709946782,0.0460671336627561,-0.0211566220443909,-0.0283939997851375,-0.060057504001728,-0.0296773167161579,-0.0393984770430848,-0.0375070679247695,-0.0215153719317312,-0.013430692808908,-0.0207242854244988,-0.0237481541980991
"GDM20230512-I_AAGGAGTA",-0.00941607330672956,0.00739633379463848,0.0115818631350602,-0.00712744307744402,0.04405774321359,-0.0519782994793678,0.000692781536328187,-0.0342255967196146,-0.0139134319917243,-0.00999462730031735,-0.0185379364304372,-0.0225344271280896,-0.0317248978295952,0.0325860911786391,-0.0199746807465025,-0.0164279138396031,0.0397927964300433
"GDM20230512-I_TCTCTCCG",0.0221738181851921,0.0344053889951633,0.0245085292258817,0.00828764026731393,0.0936787313541402,0.0295358641696128,0.0337481101916249,-0.0115853502863642,-0.0023493789247147,0.0564756622877463,-0.00159807206228135,-0.0169770247556105,-0.0156348649400207,-0.0189814300517418,-0.0139257068131361,-0.0172919758199975,0.0800793291271726
"GDM20230512-II_CTCTCTAT",-0.0118799243151721,-0.0307744650137184,-0.00873968363702914,-0.0194010952579091,-0.0506962060512175,-0.0468030290861142,-0.00725397717860299,-0.00634851282751764,-0.0162555203988054,-0.0512312559503953,-0.029199320499099,-0.0403634851002656,-0.0398708696841045,-0.0156616000555545,-0.00198720350776361,0.0602565213946279,-0.0464916883555487
"GDM20230512-II_AGAGTAGA",0.0118829633449215,-0.0356765870675967,-0.011123640316261,-0.0306101289148347,-0.0546644426552741,0.029290965144953,0.00362410575549952,-0.0376013792480884,-0.0302074318628072,-0.058941852395427,-0.0317247095912036,-0.0404458480713804,-0.0468467521116474,-0.0203439067198295,-0.0205791651966135,0.0147934869033775,-0.0679474170188129
"GDM20230512-II_CTAGTACG",-0.0253118741783402,-0.040063904591214,-0.0019420153420531,-0.0173732509436001,-0.0424983820085295,0.058126463931038,0.0257836652536308,-0.00474127239917305,-0.0403628797161896,-0.0583020473042218,-0.0265267361447644,-0.0445196645405682,-0.0417305858031341,-0.0175995069590651,-0.0194171661911227,-0.0154854388220445,-0.0135742043019842
"GDM20230512-III_CATGCCTA",-0.0193470433358914,-0.0332405488697715,-0.0295840030184426,-0.0322503095857886,-0.0643686701577349,0.0166066721263957,-0.0211348028003428,-0.0276112903637972,-0.0278125624905346,-0.0656423089044121,-0.0298824450892051,-0.0371493439186554,-0.0431116538918639,-0.0213269767342839,-0.0135188691446724,0.0873513391372698,-0.0590176661413749
"GDM20230512-III_CAGCCTCG",-0.0165704718335965,-7.12793912259035e-05,-0.03150568283453,-0.00253476875290037,-1.94270368168378e-05,-0.0443579092369237,-0.0282845445954557,0.180190368145695,0.000163821850004523,0.0422034275725569,0.0300932663426492,-0.0015639098396132,-0.0065634487428336,-0.0189402060687854,0.00179890409114424,-0.00506511909542988,0.0371136653510456
"GDM20230512-III_TCCTCTAC",-0.0016667058128663,-0.0217489051943591,-0.0185080684513196,-0.013498214137181,-0.0243154809438568,-0.0471004417694218,-0.00903082721647602,0.0268882647728199,-0.00835876677898627,-0.0291150128478632,-0.0080212170253729,-0.0104988368388024,-0.0294722113644986,-0.00105459095255176,-0.00829434485092106,-0.0112671278457005,-0.0237862872992963
"GDM20230512-III_ACTGCATA",-0.0355919749390009,-0.0329532531642939,-0.0550844164809129,-0.0268695708121297,-0.0620123251300291,-0.0197968300130171,-0.0508478776317301,-0.0404586095196154,-0.0269136996189141,-0.0607833010466941,-0.0249721269198254,-0.0330541879044782,-0.0478637709042136,0.121287616983512,-0.0118898866999086,-0.0118593030078414,-0.0713271151744765
"GDM20230512-III_AAGGAGTA",0.0369815104862113,-0.0118615670066897,0.0118793957573391,-0.00834139074861761,-0.0120507085613968,-0.0334523897332563,0.031095967709073,-0.00563640434016086,-0.0174628251735502,-0.0269179896956527,-0.0269028527138182,-0.0290054768201716,-0.0273940067366759,-0.0167700946782727,-0.0114659555793871,-0.0154993830444038,0.000503457966128444
"GDM20230512-III_CTAAGCCT",0.0226914876893835,0.0171428399347212,-0.0322302919584839,0.00188182269196802,-0.00580944613253546,-0.0541495391655822,-0.0440121003188058,0.13562176155653,0.00358978041051145,0.0434029990008059,0.0197552114736028,0.0292623109310794,-0.0190073696853314,-0.0152695770456558,0.0267658720923527,0.00850231575030184,0.0122577576935412
"GDM20230512-III_GCGTAAGA",-0.0141792348254094,-0.0179255061098238,-0.0100336264505145,-0.00639089870820397,-0.0401878423883579,0.0222984276932395,-0.00347692722789049,-0.00165973299625809,-0.0178790457223101,-0.0405136641971577,-0.0193326365502352,-0.0264588785328163,-0.0355539419848509,0.00301680465506788,0.0232975102373718,0.000499446592295082,-0.0212016535638796
"GDM20230512-III_TAGATCGC",-0.0118172079431344,-0.00982671545034321,0.0325243908896658,-0.0164391640246871,-0.0120417968406926,0.0824795220962258,0.0563295635554521,-0.0259090328437941,-0.0335313467622079,-0.0511331447492525,-0.0299936928438134,-0.0373529996307788,-0.0316686124644543,-0.0213284900447316,-0.0217486417387557,-0.0258463429955503,0.0090235614969518
"GDM20230512-III_CTCTCTAT",-0.00625618178844893,0.00165357389564614,0.0431366322176837,-0.0098808025035474,0.0247300393303019,-0.0258334287474982,0.0609359506521407,-0.0333590795405889,-0.0316213292007672,-0.0454874184274869,-0.0303789302987932,-0.0429268180901786,-0.0301275800519876,-0.0218389519406077,-0.0261635706125578,-0.0264359133321414,0.036786446479262
"GDM20230512-III_AGAGTAGA",0.0117932310448523,-0.0266052756960097,-0.0235688683532043,-0.0230918203056814,-0.0432854142832499,-0.0481823206041673,-0.00388894470806821,-0.0329495858282506,-0.0251219236256198,-0.0491864271589375,-0.0326594047439183,-0.0323724577443614,-0.041099587891615,0.00554823020089295,-0.017581936877334,-0.0191998207127345,-0.041994399993253
"GDM20230512-IV_TCGCCTTA",0.0344719710270713,-0.00344699293722737,-0.0512542654731805,-0.00971656058200707,-0.0277781902602149,-0.037091481537807,-0.0605278112438092,0.0913412033944377,0.0341905622230815,0.00736044027817829,0.0192498758210339,0.033269141244473,-0.0316899928237651,-0.0071616127613505,0.0437904358647703,0.0133663453941792,-0.0405412766965991
"GDM20230512-IV_CTAGTACG",-0.0402781122438607,-0.0463409693642182,-0.0941265306154631,-0.0281027219000665,-0.0600825529648384,-0.0834325432227008,-0.0923830547862229,0.213973575925219,0.0268275828977631,-0.0605766406611591,-0.0332676624091788,0.00324411551416156,-0.0297781757016859,-0.00102403024848378,-0.00771838188876993,0.00700866577381641,0.0281806030779624
"GDM20230512-IV_TTCTGCCT",0.0184103513563317,0.048222248771403,-0.00351740790816584,0.0125700215516571,0.0611436839838061,-0.0350122798324879,-0.00278032425250241,0.062059797770564,0.00265473798972918,0.130622193142977,0.0236634585785803,0.0163422654651597,-0.00385679713527687,-0.0121543465888905,0.0215900976157642,-0.00894302234244787,0.0403042015314528
"GDM20230512-IV_GCTCAGGA",-0.012559776727535,-0.00580831005295407,-0.0224074590648713,-0.0263670789080666,-0.039626634613076,-0.0417199819411836,-0.00615397457294911,0.0233316650813981,-0.0216135542121918,-0.0452552968400694,-0.031063303408275,-0.040427665798919,-0.0300429728215193,-0.0211558595568703,-0.0097361750148552,0.0149073922498981,-0.0229116485737019
"GDM20230512-IV_AGGAGTCC",-0.00650919475797246,-0.00638850797390389,0.012070440147945,-0.0151537822362268,-0.0137258866071313,-0.0315421404221954,0.0346841901436507,-0.026063392765982,-0.00895103267798788,-0.0254341050429862,-0.0229968863793755,-0.0187586147872882,-0.0260308996586007,-0.01809809141173,-0.00898885422754788,-0.00779783848879013,-0.00512528024302965
"GDM20230512-IV_CCTCTCTG",-0.0112690660211601,-0.00719579776143982,0.0317269140760163,-0.0178992625861207,0.00199999399720495,0.0904478372204337,0.0640595280654137,-0.031678512158009,-0.0337788587400809,-0.0623954901122017,-0.0317778950414422,-0.0400987678461878,-0.0329508976481622,-0.0226103730580439,-0.025525800348296,-0.0244903178186579,0.0227407231920997
"GDM20230512-IV_GTAAGGAG",0.012028121472823,-0.0199247443243507,0.0127563598302024,-0.0154187123232891,-0.0204381076914477,0.0344583302368039,0.0331403699327029,-0.0169340774614378,-0.0329807518148383,-0.0445923239398075,-0.0225270837127492,-0.0218656373826884,-0.034126147456254,-0.0149036699004909,-0.00156781281237244,-0.0143983889056046,-0.0101995157240517
"GDM20230512-IV_ACTGCATA",0.00304517930010813,-0.0142446417093953,0.00843469247987796,-0.0122255550639776,-0.0195754452643917,0.0493748829747704,0.0254170460982535,0.00890409772890776,-0.0178232007712757,-0.0373554208238361,-0.0272757823939537,-0.0241494123494063,-0.0260207732510342,-0.0186607685433673,-0.0132058616275055,-0.018313682262264,-0.0130514433928042
"GDM20230512-V_GCGTAAGA",0.0062102389761436,-0.00982577356683263,0.00928674333320301,-0.0125568527227509,0.0101201638813536,0.0227006091837538,0.00881855442851891,-0.00750890400079696,-0.011769052381763,0.00574562563896513,-0.0112851243003798,-0.0147140597019493,-0.0270656850308544,-0.0178257037488956,-0.000853297779143593,-0.017209557483481,0.00623150002496938
"GDM20230512-V_AGCGTAGC",0.00120021085538213,-0.00311198836420278,-0.0145303351302445,-0.0129733434403525,-0.0248286384135503,0.00476066823048063,-0.0106925767713943,0.0548071105657623,-0.0232050208232293,-0.0257930979196215,-0.0252848024100173,-0.0148679022687211,-0.0272871386481323,-0.0139602843070895,0.0019177642881086,-0.00479388834650492,-0.0156371012774804
"GDM20230512-V_TCGCCTTA",-0.0219612788185007,-0.0299808076087604,-0.0482003215113732,-0.0242748031612883,-0.0485260060216559,-0.00973027555459958,-0.0371393735042089,-0.0370781770458216,-0.0275801933697555,-0.0567880841504387,-0.0333372818574812,-0.0265287768067399,-0.043621327512749,0.00867298811412939,-0.0128629062678358,-0.0168782475339305,-0.0577081573093501
"GDM20230512-V_CTAGTACG",-0.014502082739214,-0.00579588424546561,0.0137105508018806,-0.0233012293443963,-0.0181738243423381,0.0800638132575854,0.0489763289303559,-0.0129749613665953,-0.0264790395017885,-0.0531999142844585,-0.0309811351423886,-0.0448795248037058,-0.0335481706059247,-0.0176151164388946,-0.0271066467178145,-0.0241460023854703,-0.0101221920475532
"GDM20230512-V_TTCTGCCT",-0.00662858458239,-0.0323360707944411,0.00692312517731533,-0.0248170262899819,-0.0370710865784081,0.0695786097467925,0.0339697195230366,-0.0190971268002249,-0.030279679921058,-0.0508654675792198,-0.0222746103304618,-0.0293151681340574,-0.034531032360239,-0.0183286347905959,-0.0162023104764033,-0.00607153990658559,-0.0241510849166521
"GDM20230512-V_AGGAGTCC",-0.000957148137723659,-0.0184108749796404,0.0303342816623355,-0.0213189201230715,-0.0147645236294912,0.0806386849523288,0.053574761447198,-0.0296781992727777,-0.033929385202916,-0.048108259640254,-0.028798268463358,-0.0350734748553801,-0.0361323493882523,-0.0200547203157412,-0.0265198376117578,-0.0253452719183792,0.00655076134896699
"GDM20230512-V_CATGCCTA",0.0118544932273894,-0.0127872977885802,-0.0349570382721204,-0.0196974637470723,-0.0331592230193866,0.00975718732113541,-0.0272165595848068,-0.00335151410751879,-0.00564095052446598,-0.0221821178290727,-0.0206219495342823,-0.021482699304147,-0.0338866558336684,-0.0114772722962066,-0.00483376871616232,0.0595911233955914,-0.0329562160629246
"GDM20230512-V_GTAGAGAG",0.00920613592641443,0.00750847741922861,0.0142981682357474,-0.018160066612149,-0.0179442242460293,0.0638192169636362,0.0368494053152657,0.000825618865719193,-0.0245517267953142,-0.0392443094754896,-0.0265798317657101,-0.0340016520085011,-0.0284099953355136,-0.0225574126227381,-0.0196777499526215,-0.0254254567091607,-0.00829643486254103
"GDM20230512-V_CCTCTCTG",0.00180007399242007,-0.0120466991145664,-0.00383858471986557,-0.0187184974774935,-0.0213325269218147,0.0155999711083779,-0.000402016833032891,0.0567061417439487,-0.0197531405057328,-0.0370138363300213,-0.0177123082606624,-0.0121881189733886,-0.0240825786598185,-0.00309546639409465,-0.00339219653145136,-0.00633974395710704,-0.0462183416801994
"GDM20230512-V_TCCTCTAC",0.0609902169083734,-0.0243359975547469,-0.039065664087585,-0.00426791149419411,-0.0204997117748448,-0.0497581068503591,-0.047802431544536,0.167883873474156,0.0463750042815677,-0.0207297536530503,0.072446206820481,0.0863091189145004,-0.0259034851183043,-0.0134284102683215,0.0117481061553124,-0.00799440412697609,0.0815635388637549
"GDM20230512-VI_CTAAGCCT",-0.0218137766334369,-0.0284217467619886,-0.0476196420131455,-0.0151107898292595,-0.0582076431089157,-0.0152078645993624,-0.0511678449220297,-0.0036630680903741,-0.0144235374099056,-0.0401000437753772,-0.0183898059103124,-0.0262204404338984,-0.0402954981364313,-0.00905049129028405,0.0100646182481988,0.0851501186231531,-0.0636546130538901
"GDM20230512-VI_TCTCTCCG",0.00296706429877326,0.0068819028752231,-0.0157460192400438,-0.00272207628556643,0.00278829466455851,0.0061909999122221,-0.0158147411665361,0.0294729127935996,0.004750485251717,0.0278221068374281,0.0167535408195516,0.012235389450348,-0.0294398801954386,0.0135957606699085,0.0152419703393224,0.0269617949866546,-0.00542934324086359
"GDM20230512-VI_GCGTAAGA",0.0158439676156034,8.49152789971569e-05,-0.0387730232897773,-0.00173929937819679,-0.0016140150863615,-0.00140773447088449,-0.0295626160478055,0.0986622259564941,0.00949425629160768,0.02024788975511,0.00568688927908265,0.0120019630292396,-0.0175075061401937,-0.0155336822001529,0.0247454512445795,0.0226633081062405,-0.0129215275126782
"GDM20230512-VI_CTCTCTAT",-0.00289099073591055,0.00946259546740832,-0.0149296525301151,0.00187567245587749,0.0140936380714522,0.00789849828068113,-0.00842816847266475,0.0821668488715082,0.000399646272840622,0.0299665107382244,0.00749904753428502,0.0124748355044162,-0.0115627642562635,-0.0155631166053009,0.0195480558978614,0.00460544947136506,0.00276371615752472
"GDM20230512-VI_AGAGTAGA",0.0446226915067581,-0.00925976679350949,-0.0228836604154638,-0.00733492485516996,-0.0116796808561327,-0.00500086924162864,-0.0259823461317302,0.0639844243231543,-0.000913341766323376,-0.00741451109557573,0.00208552160495641,0.00466213914743586,-0.0216428520184136,-0.0168775118253797,0.0137947981121212,-0.00225440844711885,-0.0184432579224383
"GDM20230512-VI_AGCGTAGC",-0.000361041229002533,-0.0226105211802858,0.0110108080597395,-0.0222107254575528,-0.0306814495824846,0.0558393176219154,0.031079961112624,-0.028840775759634,-0.0209098342482684,-0.0389505498710877,-0.0213336608121007,-0.0292427987840839,-0.0362138601655484,-0.0208379745164963,-0.021117230235991,-0.00563364053619455,-0.0251117455074015
"GDM20230512-VI_TCGCCTTA",-0.0107498465285297,-0.0266603525761181,-0.0272183138294799,-0.0297471988341371,-0.0485740529040296,0.0117054930568356,-0.0175346346077318,-0.0249898198487009,-0.0295101935612516,-0.0491809032230804,-0.0247206453623619,-0.0353476327842843,-0.0421727556474597,-0.022463999857353,-0.0158767503425646,0.0625268431595088,-0.0568464729672979
"GDM20230512-VI_GCTCAGGA",0.00297087535190425,0.007530115758935,-0.00767158905873726,-0.0017222710909622,0.0235423253051308,0.0184860158647555,0.00498644359668966,0.0470058737903409,-0.0108268385775829,0.0221277709079497,0.00285063875971032,-0.0146909214020131,-0.0143915484993037,-0.0191063117353327,-0.000322118389374991,0.00989236912704033,0.0134127552959626
"GDM20230512-VI_GTAGAGAG",0.0230472216597877,-0.00146445132702224,0.00518277053175245,-0.00732528567718822,0.0125776572819314,0.0345685028574964,0.0191028503524604,-0.00191622806237803,-0.00722395766798918,0.0167429843705305,0.000620902262627476,0.000571117587770896,-0.0234510225274953,0.00116938207764042,-0.0040222889682988,-0.00371532202036021,0.012223099038947
"GDM20230530-I_CCTCTCTG",-0.01367715302949,-0.00870741512014818,-0.00671915613550034,-0.0193216909078422,-0.0227533676551851,0.018547486466651,-0.00237559391126979,-0.00125587966858271,-0.0152835873233262,-0.0206627802506496,-0.012052086658078,-0.00667471798591863,-0.0320237521436419,-0.0191780555905333,-0.0121000498242873,-0.00163124595197551,-0.0390392320414609
"GDM20230530-I_CAGCCTCG",-0.00030910724976442,-0.0120705251192312,0.029414315045227,-0.0169501603776248,-0.00575337213101957,0.0747144027118889,0.0514798840482008,-0.0192765556445316,-0.030246937521111,-0.0450830919828036,-0.0234387435014013,-0.0317474472253762,-0.0318648559933237,-0.0215837092109011,-0.0231308074193839,-0.0253203624470738,0.0145935236922794
"GDM20230530-I_GTAAGGAG",0.0775117325942739,0.0313238567860978,-0.0131126876396681,0.00137532965900344,0.0236634983822751,0.0152378055984393,-0.000727275627130457,0.0813178104261833,-0.00941497731847913,0.0164105725099987,-0.000467751563156606,0.0153860530406856,-0.0334738666055889,-0.012469024672663,-0.00665118264086084,-0.00567668135225646,0.0276559949935864
"GDM20230530-I_ACTGCATA",-0.0194063965869757,-0.0210437929450978,-0.013054753873735,-0.0162483169985952,-0.035708395475719,0.0291914067379507,-0.00156820785669793,-0.00314652777852401,-0.016504870524036,-0.0286604924827804,-0.0193591853049943,0.005325713190441,-0.0358182900278985,-0.0131573935832074,0.00245422877331141,0.013225239943944,-0.0286638664844805
"GDM20230530-I_AAGGAGTA",-0.00501667552686895,-0.0196321084749461,0.0256761981195013,-0.0208117482710991,-0.0296343933679231,-0.023801918229147,0.0455123184787138,-0.0329091677830083,-0.0249082454987319,-0.0480893741777517,-0.0283974640158318,-0.0427716191907849,-0.0326878353068082,-0.00956827390252092,-0.0168955849079732,-0.0228273061890628,-0.0163638504528362
"GDM20230530-I_CTAAGCCT",-0.00993176166676188,0.00851462617785318,0.0395454595080252,-0.0126506324071193,0.029307803713032,-0.0248047735839658,0.0620025191661036,-0.0296133150779692,-0.0316004302205984,-0.0489842526239166,-0.0315014895636376,-0.0422810134558052,-0.028817795910798,-0.0219326568928292,-0.0246479458675533,-0.0261276782034653,0.0351140214253694
"GDM20230530-I_GCGTAAGA",-0.00840749169586892,-0.00501514804098584,0.0289797423330603,-0.0126429826530938,0.0157147316635733,-0.0252436849199673,0.0553811970739335,-0.0200102581885296,-0.0287973413959196,-0.047084467337961,-0.0276580380935455,-0.0383717702703792,-0.0281657449227039,-0.0212432483520522,-0.0190147796435861,-0.0193419914121771,0.024349185688331
"GDM20230530-I_CTCTCTAT",-0.00369866889510176,0.0169152180644349,0.00178845568916758,-0.0167539734782081,0.00417718483713927,0.0246806227233325,0.0111473856598984,0.0355172108749261,-0.00499002194373184,0.0145593276085249,0.0140676995229831,-0.00588538391416036,-0.0198103896622331,-0.0209548490862222,-0.0188364541427975,-0.019163952623062,0.0101487280830217
"GDM20230530-I_AGAGTAGA",0.0306274864969964,-0.00229598882262915,0.0200599211187966,-0.015912415983084,0.00217965928525197,0.0515094325077185,0.0374785233055803,-0.00806156758906138,-0.0197939633487416,-0.0202466477190318,-0.0214120228398929,-0.0186495561132658,-0.0329819347062047,-0.0122474629155001,-0.0169932305285687,-0.0168532574370955,0.0160208980273092
"GDM20230530-I_AGCGTAGC",0.0143317622167767,-0.0146694726338387,-0.0311595190159389,-0.0200386062607589,-0.0358100905101747,-0.05291587328064,-0.0222329173354935,0.0303785346386687,0.0373248997008612,-0.0237218030691912,-0.0171238574624787,0.0105078477260728,-0.0373122096516256,-0.0136251281432456,0.019878590703352,-0.00153544258022727,-0.0516366981751121
"GDM20230530-I_TCGCCTTA",-0.0128805070736787,0.000477954028710388,0.0242433345389109,-0.0137584713307599,0.00758615930589622,0.0609895533654846,0.0476287347627173,-0.0252055436198822,-0.0269315598604081,-0.0557032022884203,-0.0285342491761268,-0.031547935085648,-0.0303612506328218,-0.0203580750755796,-0.0195567586220941,-0.0270228021562534,0.0154144698711425
"GDM20230530-I_TTCTGCCT",-0.0150506170408169,-0.00615740522678086,0.0128255458389828,-0.0148226819368844,0.00113578353574013,0.0525548775233671,0.0291031739805469,-0.00940962558498954,0.00117108583098072,-0.0356111943383995,-0.0238167141449467,-0.0213186869819761,-0.0252752790870952,-0.0173799059785383,-0.0146105548220792,-0.00837904170626857,0.00315717206878435
"GDM20230530-II_GCTCAGGA",-0.000817962584136935,-0.00244903706168537,0.0118076472181476,-0.0131677250868684,0.000984704488293617,0.0398474358811459,0.0253313985648621,0.0117731923750674,-0.0187966620547947,-0.0027089356994333,-0.0118806903855086,-0.0267804129075494,-0.0299983449798484,-0.0201414865325565,-0.0148113433187053,-0.0132196721974037,-7.92306586414403e-05
"GDM20230530-II_AGGAGTCC",0.0433017639687748,0.00607435988503136,-0.0295012742630221,-0.00625260113882316,-0.00468241545206026,-0.00466088358573932,-0.0271321394519607,0.0844298553879288,0.0159707017916554,0.0199854919809265,0.00587361591495276,0.000817307746585278,-0.018447174242688,-0.00458185481160715,-0.00796403194867779,0.00446710795481872,-0.0114409572064982
"GDM20230530-II_CATGCCTA",-0.0070953422485922,-0.00942953695564993,-0.0305974571864436,-0.0157081506055085,-0.0234716081979241,-0.0117178807252288,-0.0348072563321595,0.0476706016742065,0.00332101907943935,-0.0154863841798633,-0.0116307101996396,-0.00944763680537471,-0.0290822443093652,-0.0132692987199854,0.00671628773588684,-0.0100307494911863,-0.0346201907074803
"GDM20230530-II_GTAGAGAG",0.0527058688782098,-0.00747323935198199,-0.0297431818824104,-0.0126028115476249,-0.0052774819218107,-0.00465287967335189,-0.027902050618993,0.099596580365603,-0.00572508802162324,0.00456983093802171,-0.00285342727606267,-0.000829682015563699,-0.0209098768155231,-0.00453465689780379,-0.00203250121039613,-0.0188184628133545,-0.016585026646244
"GDM20230530-II_TCCTCTAC",-0.0482835099918785,-0.0439185597470291,-0.113961490638312,-0.0399805792157116,-0.102485937595067,-0.0953435495364877,-0.131335283586076,-0.0321386378642915,-0.0120294391858766,-0.0559874192596924,-0.0137533165537835,-0.0163191014851794,-0.0451842316452341,0.119209485153767,0.0019908325365373,0.019235290380767,-0.12396615683501
"GDM20230530-II_ACTGCATA",0.0141346903787821,-0.00879391010060204,0.00138311848550127,-0.0167501738946857,-0.0110522323969322,-0.0389824873673101,0.0124991429632151,0.183621072461183,-0.0205355330015191,-0.0352626779910995,-0.00852078021999326,-0.0164095479615243,-0.0222637501053452,-0.0208338866253875,-0.0176378159730366,-0.0183029569412195,0.00327013433582098
"GDM20230530-II_AAGGAGTA",-0.0140455118966031,-0.0203362222740278,-0.00730739956528913,-0.0207910769511959,-0.033848375555361,0.032800341928618,0.0110507069228831,0.00241173918160222,-0.0177926540109933,-0.0382183766519739,-0.00494580588362189,-0.00630020713088694,-0.0196212950403837,-0.0166855045582255,-0.0137107423355487,-0.0176410515969686,-0.0299006157032249
"GDM20230530-II_CTAAGCCT",0.00921287010390667,-0.0215575735755258,0.0142983693166648,-0.0176732933384335,-0.0289889661934697,0.0550374272451031,0.0319497531696777,0.00684918211399961,-0.0201392580976542,-0.0454349619870094,-0.0185461035279572,-0.0266318912109073,-0.0316066464634564,-0.0101475466745559,-0.0198900026326985,-0.0164562069869873,-0.0172150179071295
"GDM20230530-II_GCGTAAGA",0.0347746649189227,0.00718288449618497,-0.0229404202795258,-0.00903218114662189,-0.00290497750222815,-0.010489941905331,-0.0244302423272955,0.101955680649014,0.00408192725575549,1.67648250161438e-05,0.00248155448420777,0.0157983863930514,-0.0196532297595046,-0.00852316519110647,0.010347118152483,-0.000155812088761452,-0.000402442622114335
"GDM20230530-II_CTCTCTAT",-0.0294044488463718,-0.0284350606260989,-0.0703188986395197,-0.0202646053859247,-0.0572174205171001,-0.0383119437427351,-0.0757512871149822,-0.00369708190486242,-0.000461277574046602,-0.0321328544660906,-0.0234656251173116,-0.0327825055877586,-0.043855110603028,-0.0193618183346682,0.00660093013978853,0.202894484414863,-0.0613631456433707
"GDM20230530-II_AGAGTAGA",0.207648764106216,0.0141502276157488,-0.0131807217768661,-0.00321144567291149,0.0177320914669557,0.00925265166904576,-0.0105689955879028,0.12668730442628,0.0202771986229823,0.0283242398472324,0.0301932784525031,0.01516061842271,-0.018837076297466,-0.0155555947903594,0.0131956196409017,-0.00970470454444717,0.0306911722874857
"GDM20230530-III_TCGCCTTA",-0.00389796876653026,-0.0188645212844152,-0.0676489097471757,-0.0136312532058841,-0.0592324193006097,-0.0426153487184442,-0.07840726387311,0.0230506563128958,0.0247166634453555,-0.0221243131144447,-0.00950707733221896,0.0143232809537205,-0.033657460361713,-0.00319879324612672,0.0186451877701946,0.0100484209446349,-0.0633163451305268
"GDM20230530-III_CTAGTACG",0.229168458011971,-0.0130397425357429,-0.00287302160028514,-0.0107641354570354,-0.0147055483075008,0.0326623563084489,0.0163116355886169,-0.00968898722121666,-0.0215512550388339,-0.0201047501947,-0.0168261630243631,-0.00188705165878265,-0.0303552667608125,-0.017373031450075,-0.000664556639730981,-0.0171271771203168,-0.00307098487895056
"GDM20230530-III_CATGCCTA",0.0266068894971578,-0.0144959011209424,-0.0359962088983716,-0.00700481831158471,-0.0167482127096232,-0.0175849072975764,-0.0333223774653408,0.0252476424729465,-0.0165555783332662,-0.00122660300408445,-0.00293084881076517,-0.00101809410551764,-0.0309599780121663,-0.0137940455509608,0.0187593127000157,0.0575650379759759,-0.0115868251503238
"GDM20230530-III_GTAGAGAG",-0.013358778756324,-0.0190377493748695,-0.0341203664460654,-0.0271791259390515,-0.0593284455924379,0.0100093721064183,-0.0287338307347271,-0.0144249368387801,-0.0190836473423977,-0.0595764598603467,-0.0364743205595793,-0.0327331358733603,-0.0425166674469247,-0.0147843396373191,-0.0113451792911437,0.0801273682452411,-0.0595868468750239
"GDM20230530-III_CAGCCTCG",0.0124306407226699,-0.0243482032448623,0.0326340118194235,-0.0248425997150023,-0.0288888654748736,0.0861477064592882,0.0546694519416182,-0.0289862697900668,-0.0341663708598427,-0.0614452562933737,-0.0287745871722143,-0.0415734803010729,-0.0379229943735735,-0.0223243948875297,-0.0244312603947323,-0.0235050383422497,-0.019266638119809
"GDM20230530-III_TCCTCTAC",0.0831826330632102,0.00101984374496479,-0.0126915992816693,-0.0130249487415279,-0.0161780511911184,0.0202503244920793,-0.00113479597136831,0.0438181031760831,-0.000485708966440274,-0.0342162784943183,0.00567566611952615,0.00228845875449925,-0.0360178612802204,-0.0127133936033352,0.00428453560897201,-0.00888662192665487,-0.0194766956280408
"GDM20230530-III_ACTGCATA",-0.00274780189571234,-0.00777953767302505,0.00330694278772508,-0.0152983740896052,-0.029451088635113,0.0433012812108789,0.0164834930768332,-0.0101646867022336,-0.0291686533129994,-0.0415978049131817,-0.0152536305323452,-0.0326884865921983,-0.0419058803963351,-0.00588331786698373,-0.00127588579095679,-0.0180375643700226,-0.0306043291972639
"GDM20230530-III_CTAAGCCT",-0.00367936767854779,-0.0216214575416713,-0.0124639599148157,-0.0113661296777271,-0.0282654816251874,0.00678184433041823,-0.00922209997709745,0.0100432434147871,0.0070739403882638,-0.0255472335685515,-0.00777486999547492,-0.0260693952822431,-0.0322624652606095,-0.00651332768363432,0.00768079472247734,-0.0103859468877592,-0.0345256651206141
"GDM20230530-III_TCTCTCCG",-0.0102082977565088,0.00708130484520601,-0.04317559242914,-0.0166276453552329,-0.0442283553827355,-0.00409669797594564,-0.0384364328309873,0.174643817003607,-0.032954622508169,-0.0336295503033579,0.0241030635745309,-0.0167414213844396,0.014926316488829,-0.013204866774646,0.0036538242118167,-0.00311544555909906,0.00874536723459095
"GDM20230530-IV_GCGTAAGA",0.0193441174375863,-0.0201846810778616,-0.00762961044091019,-0.010726847053528,-0.0161463170017679,0.0177130768076953,-0.00674132601572911,0.124140497830841,-0.0259658628883639,-0.0229757084582056,-0.0113575975183559,-0.0262741675368943,-0.0138904910533182,-0.0100933172471379,-0.00387032691058658,-0.0148948675062883,-0.00512056021371712
"GDM20230530-IV_TAGATCGC",-0.0183034306469977,-0.00973995690694986,-0.0276173414364379,-0.0218512064064336,-0.0287091089678275,-0.0545187703193863,-0.021806135177374,0.0082866179200609,-0.0244751830436861,-0.0282216735406693,-0.0118284651476073,-0.0266803207778541,-0.0345441071141763,-0.0170012963750965,-0.0122788704843266,-0.0219851551174392,-0.0281145308232761
"GDM20230530-IV_CTCTCTAT",-0.0420273647282829,-0.0252678065614711,-0.0599811814481128,0.00458559950881687,-0.0828961027097963,-0.0853017399602755,-0.119901258042144,-0.0743074116207439,0.00879605032152316,-0.0370069278564756,-0.00615468357938009,-0.0347648578778165,-0.0459859936973549,0.122059690215071,0.285322743431279,0.615552556891697,-0.0499923821302789
"GDM20230530-IV_AGAGTAGA",0.0593482716180827,-0.0224152156868889,0.0295907894080603,-0.0227541225679609,-0.0281949245156171,0.0814757151025759,0.0546776036807217,-0.00817659878107903,-0.0398559379614772,-0.0520715293948895,-0.0334773754870642,-0.040219030354845,-0.0357648790220679,-0.0232091805032797,-0.0234856351507947,-0.0269261965792467,-0.0140433048214857
"GDM20230530-IV_AGCGTAGC",-0.013853336329871,-0.018663837957997,0.0334467618949505,-0.0213923236713355,-0.0149577013917779,-0.014779150530936,0.0614523517307714,-0.0411861029419843,-0.0371062211327284,-0.0608482709480066,-0.0358502619149748,-0.0471205243573071,-0.0347214280497017,-0.0232101311585852,-0.0267428353013688,-0.027169134834147,-0.001090903285201
"GDM20230530-IV_TTCTGCCT",0.000165871950195222,-0.0203715389333516,0.0160539083055002,-0.021031427791407,-0.0251191119113137,0.0610080191991071,0.0397236371612083,0.0375052487772896,-0.0292658584719107,-0.0444297277103278,-0.0215365972838045,-0.030759205237073,-0.0313600927574393,-0.0220633053832356,-0.0231775512578805,-0.0254596156703776,-0.0190304168604543
"GDM20230530-IV_GCTCAGGA",-0.00390957935411504,-0.00177924655273072,0.02233749846015,-0.00658341258822628,0.0184952628662929,0.0494818774855893,0.0327509861315547,0.00176415313731429,-0.0277137503513584,-0.0459774677246596,-0.024895625168609,-0.0378955396118585,-0.030375105619143,-0.0152017353934179,-0.0142030190386711,-0.00397962278726852,0.0297731033754321
"GDM20230530-IV_CATGCCTA",-0.0398709478263799,-0.0457627003108488,-0.0732655109337859,-0.0311532341580965,-0.074373608944453,-0.0547558389328735,-0.0912554854110379,-0.0435965482178581,-0.0209928821940252,-0.0496302856296846,-0.0200184765811784,-0.0222524519259883,-0.0478137180916893,0.035759243688101,0.0136060127698086,0.0611538722594727,-0.0791182963414925
"GDM20230530-IV_TCCTCTAC",0.00538291507232024,-0.0315580815212873,-0.0484341309939009,-0.0306589421717626,-0.0572355556754003,-0.0184901745113675,-0.0518655029412634,-0.0189585919070988,-0.0158073500884124,-0.033203602099586,-0.0179506541195518,-0.00556711119617394,-0.0397181302007988,-0.0182700665725173,-0.0128220025923377,0.0396626811808831,-0.0645057266959604
"GDM20230607-I_AAGGAGTA",-0.00893438044279783,0.00150999624135905,0.0266207744981647,-0.0165344735718062,-0.00665654024641108,-0.0118082183985456,0.0577430096313434,-0.0225075387824462,-0.033172422040569,-0.0580844315909489,-0.0326139349802285,-0.0436479126006617,-0.0344552709312066,-0.0220139608573612,-0.0239373591120978,-0.0245211804624667,-0.000419892407481331
"GDM20230607-I_TAGATCGC",-0.0445171782113521,-0.0417447129321031,-0.0822345835344056,-0.0352976509833855,-0.0805709388736234,-0.0611422878389865,-0.0891915990404496,-0.0778215499105832,-0.0250089740516454,-0.0619706070491768,-0.0319218272930705,-0.0403086392961093,-0.0514279106654512,0.289768717686453,-0.0224704927470631,-0.0166283304364316,-0.0876522190815487
"GDM20230607-I_CTCTCTAT",-0.00606895636695061,0.00740600263961917,0.0318640332012271,-0.0132280955494984,0.0262781203603239,-0.0272222890042413,0.0532604072791328,-0.0299430163716007,-0.0336191413603702,-0.0534398658913826,-0.0285181401589765,-0.0440801600231801,-0.031934014083301,-0.0154801601207488,-0.0227086034556279,-0.0221178656194902,0.0357262818558439
"GDM20230607-I_AGAGTAGA",0.00983292318298865,0.0333624601870857,0.0336733967200036,-0.00460110790502995,0.077975901777463,0.0410650982949515,0.04986781621188,-0.0280511359978636,-0.0169733904284259,-0.0135237205991647,-0.0161949598167116,-0.0304478893897484,-0.0215350807454296,-0.0208853832279391,-0.0232303390817681,-0.0185878662495335,0.0697882562090284
"GDM20230607-I_TTCTGCCT",0.0679864352088094,-0.0353622406860676,-0.035841745403111,-0.0175166102819881,-0.0423815056721847,0.00445588272340936,-0.0221817706373427,0.243874492960993,-0.0145773380781587,-0.0364699345728139,0.00589775383163262,-0.00636387274628835,0.00859385406757599,-0.0193160523139214,0.00615595066245112,-0.0161037435200463,-0.0374895105290558
"GDM20230607-I_GCTCAGGA",0.0382075481145721,-0.0291641066086618,-0.0668789856013293,-0.0232509900239576,-0.0475035199560842,-0.0509439806686493,-0.0723889791256887,0.121655487958276,0.0142417584488808,-0.0251017110748419,-0.0159757135868492,-0.0168588256247325,-0.0340952933198458,-0.00085449333581904,-0.00597257784585966,0.00294296605530541,-0.0603188563089243
"GDM20221104-I_AGCGTAGC",0.000785133418502981,0.03705192273501,0.0450641588024938,0.0014248481283858,0.0859095408277719,0.0385619374358558,0.0501095357622206,-0.0290613409861385,-0.0192397259123737,-0.00511538813959255,-0.0178611575461775,-0.0324223582407491,-0.0201916044654864,-0.0207744359961507,-0.0216473836929042,-0.0215077399205673,0.0863556988768757
"GDM20221104-I_TCGCCTTA",-0.00471164370880956,0.00686213198775606,0.0339509327484532,-0.00906066716150961,0.0403540048120134,0.0505338287842307,0.0474592367217622,-0.00296957149311259,-0.0275597711108449,-0.0369894853886892,-0.0312705655916929,-0.0250795796788082,-0.0267578065045882,-0.0197414390448621,-0.0213312379179705,-0.0193723343828207,0.0508287634734135
"GDM20221104-I_CTAGTACG",-0.00466923607840267,0.00915699288101074,0.0357634873135546,-0.00662026403832361,0.046481621984292,0.0591046415677705,0.0557818688099398,-0.0283300345277959,-0.0230238307462395,-0.0310475917114645,-0.0182232845036716,-0.0349866686405811,-0.0235334693371427,-0.0213350405664866,-0.0242285975368373,-0.0243111125399743,0.0476502730690434
"GDM20231124-3_TCGCCTTA",-0.00291047084214751,0.00707810717901354,-0.0439353517436223,-0.0109980822521138,-0.0195233296478279,-0.0270816472302489,-0.0532019582289205,0.0246559187310066,0.0798830410073813,0.0349565798859898,0.0361601489161334,0.0586902681717388,0.027448186180852,-0.011871486662176,-0.00142338600522775,-0.00578070535018575,-0.0426093432667814
"GDM20221104-I_GCTCAGGA",0.00470046082391243,0.0474608244315467,0.0349242932543034,0.00347151497517875,0.10896760471838,0.0393016523492014,0.048136352539207,-0.0239276679892903,-0.0141993813081896,0.0254692044723903,-0.0118158398291886,-0.0257136192029723,-0.0171164538101736,-0.0226529914040919,-0.021427902215419,-0.0244571410813489,0.0821881422187295
"GDM20221104-I_AGGAGTCC",-0.00683260784818618,0.0106314098162253,0.0321210788761385,-0.00980109147565478,0.049873647191344,0.0592290076308668,0.0537739914006338,-0.0232610380738788,-0.0206145847230695,-0.0366127483688887,-0.0278246266335897,-0.0308720637703714,-0.0300093993590681,-0.0223128361619393,-0.0200290940220721,-0.0187152706631989,0.0628027614572063
"GDM20221104-I_CATGCCTA",-0.0058910047917458,-0.00438076082202275,0.0316103388709062,-0.0111263334302724,0.0216623762778838,0.0629560196677705,0.0515187591802901,-0.0338030531175472,-0.0303244863908585,-0.053699194034938,-0.0274284856864595,-0.0359288108988095,-0.0326388991087832,-0.0148041959872507,-0.0212172124558346,-0.0173586926791887,0.0243429053460046
"GDM20221104-I_TAGATCGC",0.018540647375172,-0.0205478509427189,-0.0323403538439063,0.0105266514856345,0.0312117728947881,0.000103533713677135,-0.0338371714317883,0.0684828234422269,0.0599356337035287,0.0668449744570115,0.018557040900322,-0.000862964175188684,-0.00840346602822426,0.0108887642941466,-0.0105062973314903,0.00372144824391456,0.0402618096134035
"GDM20221104-I_CTCTCTAT",0.0136991314177663,0.0153543669693657,-0.018918806080366,0.0151250666791711,0.0553211356276558,0.00435182692786804,-0.00148390655514968,0.0680211864946839,0.00585137404808449,0.0839837236560839,0.0203920927385471,-0.00173156016485124,-0.00831838125554382,-0.00370412995748319,-0.00100563188219093,0.0135366240529937,0.0414225782466612
"GDM20221104-I_AGAGTAGA",0.00250046807285135,0.0565138356888749,0.0343868959678128,0.0102573556487244,0.130512693601664,0.0226089690177624,0.0351535995405677,-0.0175031839015374,0.00546382129310891,0.093694362411651,-0.00031467575573942,-0.0130902617431372,-0.0109336803697442,-0.0182910809120315,-0.0173493848856828,-0.01818958171879,0.111670912739654
"GDM20231124-3_CTAGTACG",0.0430431670717705,-0.0174038643374217,-0.0272572085340484,0.00126206022725719,-0.00623282905245184,-0.0396157637342838,-0.042120403725383,0.0407289770181539,0.045268002589621,0.0391269303841247,0.0337606268559784,0.0351902600031919,0.0728070149358192,-0.00194205602425139,-0.00803218892049506,0.0115909111085403,0.00959452862512829
"GDM20231124-3_TTCTGCCT",0.00796616589005599,-0.0123858305007732,0.0263838999015019,-0.0157615848658535,-0.0164004478756794,-0.0256282091706461,0.0388149505065119,-0.0145633713499125,-0.0144318015044212,-0.0114725259686287,-0.00172630672843374,0.0134749047735278,-0.00326669762647341,-0.020064216530957,-0.0215022763106081,-0.0226566148992285,-0.0154002509343852
"GDM20231124-3_GCTCAGGA",-0.00493515326486099,-0.0121731986997245,-0.0126085091280271,-0.00230742648171074,-0.0160387651289668,-0.0475426386674009,-0.014591769523566,0.0154825851491748,0.000832619080226433,0.0161915986856427,0.0172579327828482,0.0077615284386741,0.0433429952680554,0.00265705046268395,0.0053879611696122,-0.00876442955626759,-0.00828580502138133
"GDM20221114-I_ACTGCATA",-0.0147228531074655,0.0131717445813329,-0.0155055046319561,-0.000530863542798936,0.0523876895692505,-0.0609744352407988,-0.0206260738640016,-0.0248056738915256,-0.016422376269416,0.0217115252270433,-0.0170413005003216,-0.0314682125852664,-0.0273089703471345,-0.0137278905903156,0.013344070094382,0.0183248360601429,0.022384812961198
"GDM20221114-I_AAGGAGTA",-0.0421351371102954,-0.0301493394548832,-0.079576358805281,-0.00798890077836333,-0.0501007924051838,-0.0762858572244372,-0.100811107682977,-0.0686465620144692,-0.014789664931131,-0.0208893387424326,-0.00557295768425024,-0.0290122471127221,-0.0483434591798721,0.337096754013405,0.0235558389397669,0.0265530789242062,-0.0675784775738982
"GDM20221114-I_CTAAGCCT",-0.00484043378122364,0.0252266253943132,-0.000540553383686018,0.00683623440386046,0.0683685192492569,0.0137013454079932,0.0108932953373262,-0.0370840227760319,-0.0177209177055443,0.00313439232722878,-0.00260214934344865,-0.0252930805953078,-0.0254455328804014,-0.0152175490522932,0.00794542565722688,-0.0153918957279762,0.0483658327716179
"GDM20221114-I_TCTCTCCG",-0.0295403264934355,-0.0215598633818422,-0.067561514613288,-0.0104731104371088,-0.0137165668356058,-0.0531088782536684,-0.0768624150996889,-0.0556414949895933,-0.0227756155198259,-0.0198890946954771,-0.0180520919171746,-0.0289899612289928,-0.0402703347274655,-0.0200712353022323,0.0406465252495439,0.351979897001317,-0.0436299164167492
"GDM20221114-I_GCGTAAGA",-0.00653148343836976,0.0392052770515899,-0.0143875641526742,0.0184104050549973,0.066998616475472,-0.0166512005589826,-0.0155516397174735,0.00575272757988253,0.0287207841954933,0.00393877543689822,0.00233086784841306,-0.0145562672515446,-0.0141682245599332,-0.0110754367137903,0.0929791402011804,0.00422415774316558,0.0516787963784705
"GDM20221114-I_CTCTCTAT",0.0076429328325719,0.0513885631635958,0.00853399054081206,0.0182346652328339,0.110348756000134,0.00737375386352226,0.0114182521682341,-0.0182991020245117,0.000525800418022201,0.0562693087659513,0.00221113951154856,-0.0167521729342166,-0.0128493110853053,-0.013522092515306,0.0220993638079382,0.0191445129899007,0.0774296235429432
"GDM20221114-I_AGAGTAGA",0.00267761048778915,0.0285582366955635,0.0069808173581215,0.018218447015519,0.115201582489196,0.00355937276179756,0.0191267462122466,-0.0110667399908151,-0.00395926816157868,0.0239416825858216,0.00943532893480783,-0.0261206087341611,-0.0114881846473692,-0.0119639498349321,0.021760194069905,0.00487253430820165,0.0765054849046524
"GDM20221114-II_CCTCTCTG",-0.00417233439792383,0.0331569584350042,0.0411779270642885,-0.00254657138318956,0.0835237955246073,0.0427095268628244,0.0482380552849924,-0.0183476110061089,-0.0189401714451777,-0.0146450060836881,-0.0159237865528669,-0.0402526613080036,-0.0200242361100955,-0.0189121819790611,-0.0145053003917432,-0.0174589954537728,0.0649961628318211
"GDM20221114-II_CAGCCTCG",0.00238463065950807,0.0137241441184436,0.0359739164585284,0.00488626625508913,0.0866686487302844,0.0324827307925205,0.0380126987027764,-0.0103190341402405,-0.0159464628604717,0.0231923883286797,-0.0165498126054661,-0.0242689522424263,-0.0225652445821883,-0.0192493614373197,-0.0114932134335683,-0.0121025955848904,0.089211920980259
"GDM20231201-2_TAGATCGC",-0.00714123251868157,-0.0123436724122815,0.0351889199704954,-0.0180515132948345,0.00502364361603222,-0.0167933229799893,0.0635400700761713,-0.0425435093929232,-0.0356865789369403,-0.0549257158461368,-0.0302842588510564,-0.0427393912095177,-0.026348513126521,-0.0225887179763109,-0.0254726005875237,-0.0264127723100168,0.0175516542749478
"GDM20221114-II_GTAAGGAG",-0.00434511273345952,0.0372699162143257,0.0394266433402924,0.00296102098681581,0.0752593865522544,0.0333500232457497,0.0397655563376358,-0.0134979855594479,-0.0189328322457808,-0.0103543869557102,-0.0224991391796554,-0.032018760469925,-0.024178782714529,-0.0204377935952797,-0.0153359616013836,-0.019492381445027,0.0778802049755001
"GDM20221114-II_TCCTCTAC",-0.00772066554533684,0.0102758425391971,0.0398536077542857,-0.00427631621785366,0.0558191848439022,0.0405259286875228,0.0413893747309431,-0.018779790715574,-0.0112531282683167,-0.0289287013385079,-0.0183239349482522,-0.031920865940437,-0.0246569416918833,-0.0224121117729198,-0.0193145249379785,-0.0151823651490425,0.0630304264223516
"GDM20221114-II_ACTGCATA",-0.0121559050144414,0.00876138200557595,0.0236056699631896,-0.0124005481812751,0.0321517614167116,0.0487777966946145,0.0414283450860368,-0.0308439334507481,-0.0240325153493371,-0.0421597405495841,-0.0221804673183986,-0.031473150126836,-0.0282913447361823,-0.0205465986271161,-0.0212102559423651,-0.0217599993859666,0.0326564023604925
"GDM20221114-II_AAGGAGTA",0.00595106228100493,0.0541991190387974,0.0351121921994358,0.00800136148025607,0.10718964211267,0.029865607605826,0.0356201397869112,-0.0160678744296106,-0.00807024589847115,0.0652633026547718,0.00447530684355401,-0.0234579477059573,-0.0145404566351461,-0.0208942039531348,-0.0143238732014491,-0.017588187517154,0.100417212665419
"GDM20231201-2_CTCTCTAT",-0.0161352559845956,0.0189987091172171,0.0260925106300515,-0.00210699223735191,0.0678389153794284,-0.0309952848290435,0.0417547859422542,-0.023459462826192,0.00299991998927409,0.0603549905232202,-0.00916724038319149,-0.0142989316402697,0.0412063124408477,-0.0219707595597702,-0.0186877149168155,-0.021843512806157,0.0767001453248312
"GDM20221114-II_CTAAGCCT",0.0114633802872973,0.0649842481924526,0.0314162750098234,0.0102702217879556,0.113112233691369,0.0223769871258608,0.0287308426837797,-0.0087579136159738,0.00576427155867692,0.12661304466434,0.00396718366009462,-0.0201754293020749,-0.00534790816894168,-0.0209854117629476,-0.0155129654275061,-0.0182843184302844,0.10228659359656
"GDM20221114-II_TCTCTCCG",0.00646446225339876,0.056817862886913,0.0405697509662864,0.0103260462781439,0.111336890246915,0.0276677955912772,0.0399422910453355,-0.0167831702260622,-0.00149862484290372,0.0713644487901926,0.00393176303658096,-0.0188693131413179,-0.013055863140795,-0.0212189242457599,-0.0193351517187045,-0.0198301881636659,0.103168763115619
"GDM20231201-2_AGAGTAGA",0.00520308855290972,0.0514024371853796,0.0135631038911922,-0.00567414635940804,0.0290666817473074,-0.0245041722218348,0.02909559076711,-0.0198700898354872,-0.0087861735985901,0.0423556281631562,0.00531269247820012,-0.00499050001755913,0.0412674852040624,-0.0201661767813236,-0.0114895462047858,-0.0164633567131711,0.0202572725366744
"GDM20221114-III_GCTCAGGA",0.00461777963370989,0.048021735073508,0.0415597094763864,0.00398372994220256,0.104268000776857,0.0239924340870303,0.0292696979303219,0.00116063138114581,-0.00478251813469826,0.0474067406316061,0.00270133181295733,-0.0229228541489573,-0.0214574090200175,-0.0158178309050882,-0.0149989977298132,-0.0171311620897129,0.104648801264316
"GDM20221114-III_AGGAGTCC",0.00557638367072959,0.030528109052401,0.0323238933202109,0.000431522130657367,0.0737494782462885,0.0256538745245857,0.0292454256482068,-0.0144001177813811,-0.0131044130788262,0.0206351745820046,-0.00819066969996677,-0.0236352502719581,-0.0238642065020775,-0.0160073689186346,-0.0144733316918829,-0.0126733633986579,0.0675614189766153
"GDM20231201-3_AGCGTAGC",-0.0143454990220205,-0.0142645675289899,0.0117985994968233,-0.0260755383517197,-0.0334254910086012,-0.0256854612589372,0.0298959667439275,-0.0448363966611605,-0.0234654889259527,-0.0545882947810269,-0.0207405689057767,-0.0300571342993676,-0.0284178407355975,-0.00321900885590478,-0.0249072484715417,-0.0243702861673858,-0.0281397316527094
"GDM20221114-III_CAGCCTCG",-0.0222970238677069,0.0036294446542294,-0.0399438150421779,-0.00697787900177688,0.0187369177683385,-0.0440690535697838,-0.0549671466126975,-0.0408923673937384,-0.0016173924405429,0.037501995730145,-8.94831886162342e-05,-0.022149932851063,-0.0389649936500504,-0.0211870939532048,-0.00565704580071848,0.199564149679066,0.00760907927440723
"GDM20221114-III_GTAAGGAG",0.0113887948374766,0.0492312535013212,0.0419688357109583,0.00624003721715214,0.0892624418730479,0.0235642786180406,0.0338196121595989,-0.0148877390504217,-0.0139190553681331,0.0402113615106107,-0.0103548088161329,-0.0280461379827971,-0.0166958415886521,-0.013701503143736,-0.0215615748840353,-0.0192161838950925,0.0911721236729082
"GDM20231124-7_CTAGTACG",-0.00172229060687499,-0.00439651171130664,0.0216232361720806,-0.00825111753211494,-0.0117657180174602,-0.0259487668793287,0.0385378705679046,-0.0206048079223081,-0.0161465579720797,-0.00709332200085944,-0.00345958471387109,-0.0147318693986927,0.0028906151991716,-0.0198977262858859,-0.0202455295766463,-0.0177287479656101,-0.0027488663101046
"GDM20221114-III_TCCTCTAC",0.00712962328209829,0.00787458525421311,0.0126563785331776,-0.000957404849181012,0.0470832742781105,0.00985593438562009,0.00390003972459812,-0.0192218385058401,-0.0158111304345539,0.00613471419975837,-0.0040719002828827,-0.0286868575387795,-0.0275282079306614,0.0372922794823042,-0.0159539899012155,-0.0157221880338459,0.0451764731948913
"GDM20231124-7_CAGCCTCG",-0.040593759727427,-0.0380507108034535,-0.0970625797687062,-0.0186778843018843,-0.0827902525071914,-0.0905774102022771,-0.113900080534081,-0.0517115660763807,0.0908495554110176,-0.00444674786222694,0.0448879550107961,0.109950869358087,-0.000227781029832714,0.0206140242974021,0.00554458360118554,-0.00246948889676395,-0.105661209800205
"GDM20231124-10_TCCTCTAC",-0.0188194705552023,0.00972976618742262,-0.0144502224602431,0.00589934308846162,-0.00490719977379386,-0.0491540473288375,-0.0124684553684308,0.0261340159884173,0.00954378765273141,0.0172229423338682,0.0299821666326746,0.0397254117178099,0.0390480140109291,0.00156203160888201,0.00363119697484592,-0.00542960902420858,-0.00494314646847272
"GDM20231124-11_ACTGCATA",-0.0221640610111714,-0.0276676364423785,-0.0515828272595829,0.0879035246434952,-0.0728203420252506,-0.0946159213621661,-0.126521297964044,0.0189795566475334,0.129052665192634,0.0363816691287699,0.0824224591723732,0.129600130443692,0.0631338901348205,0.0487240478904612,0.0365391927891143,0.0213420045089166,-0.0725400467393722
"GDM20221129-I_GCGTAAGA",0.000662345964416589,0.0177918412991113,0.0357164064619202,-0.00165421344117731,0.0585955724271327,0.040266002382385,0.0433948374527652,-0.0202690563472278,-0.0220897482449311,-0.0257947227533645,-0.0188095473883923,-0.0339522170744363,-0.0251674883736115,-0.0107672396182086,-0.0240006450708013,-0.0218951413134049,0.06293818657079
"GDM20221129-I_TAGATCGC",0.000450264617145179,0.045823483710166,0.0222364531997296,0.00304193625509545,0.0833639549802824,0.0192632093379945,0.0218429409254253,-0.0252862685338268,-0.00821967588564443,0.0463725935705996,-0.003888499564675,-0.0245594271488001,-0.0231590035014792,-0.0209798462909291,-0.0204805714118687,-0.000513725360053542,0.0749532432018881
"GDM20231124-8_CTAAGCCT",-0.0168570023991291,0.00410107709238335,-0.0124823732546321,0.0081689136367995,-0.0283203458459687,-0.0395840373833776,-0.0111206711581054,0.00913932101073048,0.0296963828729248,-0.0353510637870978,0.02457787428456,-0.0233566666292445,0.00291396222195614,0.0214979655060061,0.0476698707041298,0.023469891484468,-0.00626536883409173
"GDM20231124-11_AGAGTAGA",-0.000575103000517569,-0.0116306036431402,0.0148560625157874,-0.00677119408254317,-0.00159081077648503,-0.0212308086868683,0.041867734136841,-0.0113375941379025,-0.0141614095759681,-0.047974542533813,-0.0153783212939213,-0.00835449136972158,0.0130472787877395,-0.015707421420806,-0.0170095420988277,-0.0137328452478484,0.00287381841290471
"GDM20221129-I_CTCTCTAT",0.00490369866984506,0.00853149745204257,0.0403493536495094,-0.00932352105278481,0.0434195596063564,0.062526543402379,0.0589369371498942,-0.0233850943499463,-0.0258158345203002,-0.0383543963291353,-0.0278876735511465,-0.0375032244417267,-0.0263024561705977,-0.0219262027504558,-0.0248269647379568,-0.0235717692785332,0.054552643054989
"GDM20221129-I_AGAGTAGA",0.00842206255290834,0.03084560381621,0.0382902974457284,-0.000895774043719557,0.0772610214267504,0.0431371204579172,0.0485803537804992,-0.0193632388757109,-0.0176465555141182,-0.00385636103490584,-0.0156005476840954,-0.0296425729384657,-0.0240686892113474,-0.0217355894220868,-0.0231391340990887,-0.023027236448028,0.0797577446012539
"GDM20221129-I_AGCGTAGC",0.00574099956188767,0.0368418974200631,0.0430118230878406,0.00287032156127263,0.0924428030849566,0.0458732394842765,0.0521819813221091,-0.0273521529109151,-0.0151234643421993,0.00153493995251064,-0.0170026800438002,-0.0314093613493271,-0.0199588464168027,-0.0214897994560602,-0.0222098716222843,-0.0228210855593255,0.0907682852550066
"GDM20230501-I_ACTGCATA",-0.00482190042578694,0.023313939512751,0.0151750617882263,-0.00787628356452165,0.0280279137886047,0.0543347492879372,0.0360261077458443,-0.00692982447113301,-0.0139669256551448,0.0256362095218793,-0.00137309102683645,-0.0189231923035156,-0.0190190009245715,-0.0214944628731309,-0.010800384606001,-0.0158181443669602,0.0315863636173192
"GDM20230501-I_GCGTAAGA",0.0149245198061246,-0.020822739858032,-0.0215103202201715,-0.0190903518806622,-0.0297615046158276,0.00471296679365212,-0.025797210662253,0.0705056714451676,-0.00833957892864509,-0.0204789212391929,0.0124930229766496,-0.0017066244746498,-0.01659819707033,-0.00242601476946308,0.000829539763556418,0.0180930808187988,-0.0371930924911843
"GDM20230501-I_TAGATCGC",-0.00163142782769427,-0.0111032796294047,0.0154944190151017,-0.0146950564302866,0.000283539024136139,0.045240428358082,0.0329792132746475,0.0252256665247448,-0.0151037119910988,-0.011247173496042,-0.0128116490960727,-0.0195877619556508,-0.0303045052554794,-0.0231811989520399,-0.0150447103411187,-0.0188720216403694,0.00835681570555086
"GDM20230501-II_CTCTCTAT",0.000489501374229993,-0.0201943810448227,0.0226962889926884,-0.0184035322237281,-0.011330424663196,0.0780303514565403,0.0521440008757013,-0.0246490486042055,-0.0302861194740544,-0.0524359510035048,-0.0286169790709248,-0.037219396264832,-0.0286568398359026,-0.018257132096714,-0.0223936582825759,-0.0195600183770274,0.00370152624034683
"GDM20230501-II_AGAGTAGA",0.806729178385303,-0.00124094082809554,-0.0174267227120279,0.0018804546342091,-0.00403821066889815,-0.00863132179526686,-0.0257931970085582,0.0636094026004466,0.0188696996903894,0.0093910863720856,0.0148825623216094,0.0320473353280372,-0.0366512078286172,0.00201344078948053,0.0293242417786828,0.00885841280811574,-0.00192470806066511
"GDM20230501-II_AGCGTAGC",0.00592201945391727,-0.000441693237300152,-0.0241358713196547,-0.0105959677501439,-0.0205722010915603,-0.0111218030934251,-0.0245173699932817,0.019566020394174,-0.0210331049831211,-0.00244912510328209,-0.0209862895552787,-0.00570744022246667,-0.0340749821199265,0.0582701359017873,-0.00413717118838336,0.0152418297983656,-0.0135879227869285
"GDM20230501-II_TCGCCTTA",-0.00630522175176885,-0.00168693553770921,0.0165711575178593,-0.00835239287350807,-0.00533833519110453,0.0639146476029029,0.0342315729604048,0.023507173751004,-0.0237416473142615,-0.00436508257391659,-0.0155364704004295,-0.0125562850383601,-0.0291629899897824,-0.0230236342171833,-0.0188294711484859,-0.0238908149692322,-0.000345086350517747
"GDM20230501-II_TTCTGCCT",0.0201147682914904,-0.0126602346383681,0.0264035125566812,-0.0217776054487566,-0.0207330914626857,0.0736537646130542,0.0462282412381739,-0.00736349371640272,-0.0240007755463892,-0.0504888745564727,-0.0308282622371902,-0.0336550095698186,-0.0367758504074795,-0.018981068717742,-0.0156508922967206,-0.020645427392516,-0.00891968056187448
"GDM20231124-3_AGGAGTCC",-0.0281881378265354,-0.0182267035683855,-0.0392552219101987,0.0149354583157549,-0.0377824787633086,-0.0688093800228495,-0.0580072788639026,0.0157832530829892,0.0292771910530277,0.000462378375025173,0.03443468693463,0.0386040743751984,0.0283694961090657,0.00575016623115086,0.035112692039517,0.0367294903305927,-0.0219857030266252
"GDM20230501-II_GCTCAGGA",-0.00868938918990129,0.0169100898090421,-0.0358879333031304,-0.00831867792446035,0.00279158579748441,-0.0176281287555942,-0.0362211014430562,0.177503348137005,-0.0117881428208815,0.0333064088308692,0.016593956914419,0.0572681144135634,-0.00421919954020774,-0.015008287482885,0.00553337727249411,-0.000221131148851844,-0.00737672544024142
"GDM20230501-IV_AGGAGTCC",-0.00835142030395415,-0.0183388111142582,0.0371237639606727,-0.0200144761650281,-0.0130160055225875,0.0849302815512024,0.0603458545757835,-0.0366659476990421,-0.0290036306137591,-0.0616420626269483,-0.0334932275880302,-0.0439388805607835,-0.0339232093928665,-0.0221355639810374,-0.0237979926272684,-0.0245168157037464,0.00311358138942249
"GDM20230501-IV_CATGCCTA",-0.000135955940554045,-0.0200508891372412,0.0190250110191714,-0.0178919606962237,-0.0188920628947783,0.0559140869125531,0.0370323313154705,-0.0273815652937874,-0.0243437737037144,-0.0365724021398419,-0.0196283263324235,-0.0358396921132429,-0.030771361917938,-0.0216449201288223,-0.0131176356791699,-0.0226921120148898,-0.00775022143834256
"GDM20230501-IV_GTAGAGAG",0.0161101766977709,-0.00937474643351603,0.00868170473151952,-0.0150757505880819,-0.00649592282699653,0.0381840490559809,0.024388530788289,-0.00111960778573771,-0.0124232831152234,-0.0148092134500192,-0.00954020016613795,-0.0215325861974883,-0.0334222592933412,-0.0213083844330311,-0.0200507913670276,-0.0173161121652084,-0.00342867895042438
"GDM20230501-IV_CCTCTCTG",-0.0119574125771269,-0.034897074172385,-0.0163340451590378,-0.0159164905221129,-0.0259148844842645,0.0327778063840084,0.00211356629616232,0.0461419192105403,-0.0237190260198788,-0.0300424202079225,-0.0211445856743825,-0.0194322077338238,-0.027296282704678,-0.0143175577706811,0.00228020659027969,-0.0037733472586654,-0.0271389576950326
"GDM20230501-IV_CAGCCTCG",0.00121756914457369,-0.0203454058754278,0.00652960182192688,-0.0126727103515936,-0.0216684676915075,0.0400283704657616,0.0196847763186525,0.0187223522856936,-0.00883991016086045,-0.0411923132103426,-0.014078235965825,-0.0218309334199402,-0.026872523351944,-0.0154185997223785,-0.00628409737187025,-0.00741049972216007,-0.015021814171212
"GDM20230501-IV_GTAAGGAG",-0.0370431298176922,-0.0382059408089536,-0.0825035936706992,-0.0207705204660887,-0.0830113471942875,-0.0588280786282683,-0.0886428125754701,-0.0568201612663733,-0.0255282697386119,-0.0444915063917803,-0.0247020759956129,-0.0249817328942336,-0.05095357980631,0.252353415850169,-0.0124165926884337,-0.00609340664592229,-0.0834427032846691
"GDM20230501-V_ACTGCATA",-0.0105269337671496,-0.00828321170368832,0.0355070222937406,-0.0137009960564983,0.0163393596878189,0.0721666598508367,0.0566333146553521,-0.0316439854520602,-0.0333461196000359,-0.0507034554295942,-0.0323977507609897,-0.0401157201004733,-0.0307368049434043,-0.0207173230251402,-0.0163317405116426,-0.0190295784962498,0.0396071546579882
"GDM20230501-V_AAGGAGTA",-0.0108644650944243,-0.00629852299426972,0.016739905919736,-0.021662061456165,-0.0209452258410737,0.064239366193905,0.0361406256876138,-0.0120172086782862,-0.0360702713878637,-0.0374751392633301,-0.0174197409711062,-0.0315921706671241,-0.0379337583237848,-0.0128382111202702,-0.0130114812544621,-0.00985752602845835,-0.00985181223306819
"GDM20230501-V_CTAAGCCT",-0.00238152899847986,-0.0140982958523442,0.0251004017590919,-0.0168339070863452,-0.0171828647910828,0.074140080337083,0.0449725909278912,-0.0298089310263141,-0.0280357269043799,-0.0451147704381176,-0.0254913570461174,-0.0344025577652041,-0.0307917074653358,-0.0121185918884422,-0.0219003845610026,-0.0223323640600139,0.00442406679461358
"GDM20231124-9_CCTCTCTG",0.00886843991912697,-0.0113577567412782,-0.028756545568634,0.0179958723618513,0.0128300844052843,-0.0644713215658166,-0.0391853424465927,0.0679710661120496,0.0294025425406565,0.0562542297693959,0.0372941985474418,0.0607596127750893,0.0829296334029533,0.023215604504679,0.0155602535203611,0.00708033509598258,0.0118345104526378
"GDM20230501-V_TCTCTCCG",-0.000770027111129964,-0.00190359750880448,0.0377829264127644,-0.0158122080545885,0.0180856005966749,0.0705673659715104,0.0600248767309095,-0.0326403475296926,-0.0309244556718479,-0.0424317173469448,-0.030388729487682,-0.0390438203614509,-0.032391062020726,-0.0217722682745105,-0.023719796436353,-0.025122714485898,0.0327558254751749
"GDM20230501-V_TAGATCGC",-0.00315272392836074,0.00814840132543832,0.00489160940863824,-0.0065379220690685,-0.0225501776286847,0.0393771226914064,0.0149011593769193,-0.00897417603481908,-0.0241788021488447,-0.0249158723151666,-0.0066248060494606,-0.0268399557705665,-0.0289009896108579,0.0164460164862376,0.00113478388737867,-0.0150336939100272,-0.0225493324586869
"GDM20231124-11_CCTCTCTG",-0.0154065190015033,0.00533798401059892,-0.0026727298861538,0.0155182672714118,-0.0221171467272333,-0.0437814181596692,-0.0140257163995922,-0.014016799837429,0.0453469043187837,0.0191598716604901,0.0132039565181896,0.0333315116853752,0.0041412399558044,-0.0038529692686229,0.0178924632560914,0.00994721083480188,-0.00570937231483143
"GDM20230501-V_CTCTCTAT",-0.0160642713734526,-0.0433891223893414,-0.0271516852414807,-0.0288222000879861,-0.0600979611541628,0.0259512688928412,-0.0140246867293104,-0.0331070582096961,-0.0279088827618681,-0.0591061413738514,-0.0372789487076836,-0.0299452438369198,-0.03736520773358,-9.3524457767089e-05,-0.0133717264279189,0.0406467161709986,-0.0431842850007433
"GDM20230502-I_AGAGTAGA",0.00969032407907079,-0.0243159054866125,0.0339918598455178,-0.0193251562793553,-0.0210630016878974,0.0757987437274692,0.0494201311321995,-0.00405638673358165,-0.0258886350125118,-0.0530064721445308,-0.0269877978302674,-0.0325015713356257,-0.0221549836959615,-0.0212058355734891,-0.0206655000805559,-0.0229482537436016,-0.00570980905321001
"GDM20230502-I_AGCGTAGC",0.00618463098897715,-0.0118959541315585,0.0169496421388664,-0.0124265755607769,-0.0109765420108612,0.0458026709852751,0.0313056166073157,-0.0076130877785224,-0.01665868762634,-0.0255800205503954,-0.00969452379226032,-0.0123393972615395,-0.0243913724342357,-0.0214149338086207,-0.0157622901806783,-0.0206649816116217,0.00736754352217831
"GDM20230502-I_TCGCCTTA",0.00123001351729337,-0.0134808293592482,0.00880677507915186,-0.0168665239031773,-0.0199565359803127,0.121282085075963,0.0302226677474709,0.00299204919494647,-0.0216053015543163,-0.0346888305103133,-0.0192358661032866,-0.026228776016662,-0.0368252915429076,-0.0200629700008952,-0.0153546439164812,-0.0185847898344819,-0.0135396281787313
"GDM20230502-I_CTAGTACG",-0.0189799765880551,-0.00309772090079349,-0.0325464044773138,-0.0143274164991688,-0.0423848603181014,0.0236207290343251,-0.0176696680254311,0.118560915855109,-0.0146003904476348,-0.0566086072141162,-0.0134027428497939,-0.0188128908317603,-0.0260908182087729,-0.00660660703372284,0.0143781280232481,-0.0016052075749418,-0.0326289962036701
"GDM20230502-I_TTCTGCCT",0.00320395643318836,0.00216183279113059,-0.0119388727537998,-0.00971004404177192,-0.00352290175637101,0.00295232091911526,-0.0172559828594364,0.0343415682105961,-0.0210392780561072,-0.00622636980296718,-0.00931778646608074,0.00872127632240563,-0.0323810945771461,-0.0132080377968023,0.00891077914015959,-0.0112112651400243,-0.00707701196982764
"GDM20230502-I_AGGAGTCC",-0.0167965652543421,-0.00547126192807648,-0.0188620202017042,-0.0128482533599963,-0.0304996342918563,0.000387187949388435,-0.0238685010476999,0.00316242524116679,-0.0105667576448454,-0.0128780645057631,-0.00424193673495543,-0.00223298004848391,-0.0306638230477325,0.00113177434517851,0.00612073695244127,0.00745477994450382,-0.0405756638807483
"GDM20230502-II_CATGCCTA",0.00748519205279192,0.0293436811300762,0.0476746704983093,-0.000114308502301988,0.0766484008536418,0.0418907259117804,0.0516961350501787,-0.0233984903750483,-0.0189200665033522,-0.0137302613495326,-0.0210564920988681,-0.0300728906906034,-0.0242915042399565,-0.0201997597008351,-0.0197336905177691,-0.0225971914381529,0.0827583218644818
"GDM20230502-II_GTAGAGAG",-0.0259438922809964,-0.0453250682231768,-0.0694154217560034,-0.0172481738044779,-0.0894531978028056,-0.0596604719506823,-0.0932369954391173,-0.0368820469277157,-0.0207500953479401,-0.044405367915308,-0.0103139800188763,-0.028639433184702,-0.0499036316304838,0.236323171350956,0.0146552685299536,0.0666485816678813,-0.0849538958652316
"GDM20230502-II_CCTCTCTG",-0.0123782145258438,-0.0325089098261492,-0.0140355657422858,-0.0182056870994698,-0.0367672212083087,0.0243724487024267,-0.00331932197245197,-0.0221598347807506,-0.0192756992821944,-0.0379908385867849,-0.020551963137372,-0.0297927684799014,-0.0332968994239667,-0.0172585203584895,-0.0100329959669325,-0.0190641973047276,-0.0405710721169121
"GDM20231124-10_CAGCCTCG",-0.0444268658696649,-0.0339945592416067,-0.0846223277128304,0.0124149257749316,-0.0815249661802027,-0.0903222634950361,-0.125105973587928,-0.0169298383925538,0.0495870140524559,0.00692527887344518,0.0271239810265105,0.111776275659334,0.00438813958769652,-0.00354041092928186,0.0660301723881616,0.143240734817245,-0.0925284075992484
"GDM20230502-II_CAGCCTCG",0.000102469456798474,-0.0121478823123136,0.00774519943480047,-0.0212582577481458,-0.0274131452926543,0.06057218683875,0.0316760713456559,-0.00727459167789635,-0.0212427319216452,-0.0456305534528217,-0.0295568968825621,-0.0291125977610786,-0.0321433076396237,-0.0195099392736027,-0.0155340694295003,-0.0198576999189787,-0.0238733300922687
"GDM20230502-II_GTAAGGAG",-0.00678355010623923,0.0189501612381518,-0.00789708295633212,-0.0133659484125636,-0.00439586766340959,0.0187872006159148,-0.0103611767896274,0.0248535067779606,-0.00578405950793924,-0.00170330242734477,-0.00847013920668868,-0.0176098483198748,-0.0299125760545764,-0.0114268153370624,0.00428709249311522,-0.0109326977471285,-0.00987339135095369
"GDM20230502-II_TCCTCTAC",-0.0305075350689464,-0.0377015289210002,-0.0930500136324454,-0.0203230262280019,-0.0736078083724085,-0.0764256282268492,-0.102182680506249,0.0283086306263324,0.0291406528701897,-0.0356450166840289,0.00655440902444822,0.000134376045989872,-0.0446397766626781,0.00212925848742668,0.0375687485094555,0.0457175026914716,-0.0638386378484885
"GDM20230502-II_ACTGCATA",-0.00226913144926015,-0.018003106209442,0.0070275507006757,-0.0213074263226617,-0.0256588093787066,0.0438087736031403,0.0269797242087589,0.0116213940683691,-0.0263427191940024,-0.0295544452526858,-0.0277178811840196,-0.0254742836485753,-0.0304862156048889,-0.0177247020482791,-0.0214294150618627,-0.0207380173150046,-0.0158374471754683
"GDM20221129-I_TCGCCTTA",0.0028795684652087,0.0248075789973147,0.0439444245801678,0.00257391130204993,0.0777151978449327,0.0414836908455399,0.0493413812329221,-0.0234643548859753,-0.0260847239058015,-0.0184735406892299,-0.0159708087155695,-0.0369835208655554,-0.0231868197211311,-0.0207325650559021,-0.0181363937030952,-0.0216276563389986,0.0692710450517095
"GDM20221129-I_CTAGTACG",-0.00517704198096982,0.00403413766588921,0.0347594123073381,-0.011944632951742,0.0380818377922826,0.0601621648898087,0.0523784076973386,-0.0267180218680025,-0.0241926680953044,-0.0428580448409222,-0.0301953844907398,-0.0363381675990183,-0.0299225394662858,-0.0208477917586055,-0.0193165933319862,-0.0184923445594119,0.0402689096358464
"GDM20221129-I_TTCTGCCT",-0.00660892027041501,-0.00414845524235826,0.0304203103402842,-0.0168897548995215,0.00927078234597023,0.0671824495073684,0.0527175951720812,-0.0222641043519977,-0.0312623237315813,-0.0560079546600523,-0.0276137833733201,-0.0366894999898095,-0.0316262072968407,-0.0212648946339998,-0.0202863073565653,-0.0232141645284097,0.0137848134891376
"GDM20221206-I_ACTGCATA",0.00606766644862651,0.0417263484653888,0.0343445845201219,-0.00863773654217455,0.0329425317974656,-0.0339379611132405,0.0539523933514257,-0.0229782866315673,-0.0163936010051257,0.00359352412479573,-0.0178838659681874,-0.023063470772261,-0.0189605014304006,-0.0237737491705334,-0.0183481358998396,-0.0258678613812274,0.0550779105800269
"GDM20221206-I_AAGGAGTA",-0.0040512306834709,-0.00790492623698347,0.0263125225906678,-0.0120835297038136,-0.00670643488611106,0.0821757410464308,0.0559751330225336,-0.0405803698820521,-0.0259951178398808,-0.0302652270636676,-0.0273390295814963,-0.0389451299166142,-0.0341032687780801,-0.0156177047951422,-0.0193733860704828,-0.0198328210583949,0.0130441072861393
"GDM20221206-I_CTAAGCCT",0.0438058208841132,0.0198227863029941,0.0253207478071791,0.00549475189347553,0.0613317063932109,0.0434936536090174,0.0439276076641517,-0.0201155549607804,-0.00872550926693718,0.050330696845973,-0.00392883130519627,-0.0173490006289398,-0.0153107232641856,-0.0192545893780464,-0.00955900364275141,-0.0199110344336523,0.0499845159966916
"GDM20231124-2_ACTGCATA",-0.0107465436385914,-0.0127677359684324,0.155756879035649,0.183565356295432,-0.02894762118732,-0.04356267875664,-0.00700967178703437,-0.025562215178879,0.0228368939386453,0.0177869221448106,0.0193520533253853,0.0242740879887062,-0.0127472545136429,0.0257119218060129,0.0216330576526967,-0.0121146041032301,0.0233162390143909
"GDM20231124-2_TAGATCGC",0.0104098968944091,-0.00643536220063024,0.228282943141624,0.28323993434222,-0.0265101885946106,-0.0431817086642315,-0.00524629560858539,-0.0126179444935269,0.0304882936728497,0.0121226194966095,0.0384863990004028,-0.0024985532217469,-0.00167798858071169,0.0562259959906305,0.028104410578216,-0.00947420168563545,0.0557631850974191
"GDM20231124-9_AGCGTAGC",0.00379858333048965,0.00741848378975227,0.0114168243240171,0.00146720799965941,0.0517514803494925,-0.0324622527271949,0.0360116927231539,-0.00879534089996923,-0.0162060633211018,0.00417906970735381,-0.0114721368223576,-0.0268200561281708,0.0102773927441664,-0.0136808784250434,-0.0195055858122073,-0.0226556914001332,0.0387346857079558
"GDM20221206-I_TAGATCGC",-0.010369811731125,-0.00940969693443387,0.0302173565947018,-0.00884292058691209,0.0126076859134889,0.0761663134131441,0.0573878005012298,-0.0326252528017687,-0.0304073057213605,-0.0122447539384139,-0.0181896455556378,-0.0414665006218606,-0.0267089592698238,-0.0220682710215516,-0.0262294345133474,-0.0205285246516928,0.0409532032518655
"GDM20221206-I_CTCTCTAT",0.000387268214380415,-0.00488808381913657,0.0319236462618205,-0.0147762808180444,0.00293291671739764,0.0723251211460579,0.0568462829389509,-0.031926443362873,-0.0281532202484805,-0.0301511194132045,-0.0240543643990665,-0.0384883324772687,-0.0301039676718073,-0.0225294092221577,-0.0250412728814801,-0.0245602974679404,0.0132840969686185
"GDM20221206-I_AGAGTAGA",0.00353882705268848,-0.0150231056135434,0.0279058808326184,-0.0208421140897528,-0.00705922532681263,0.0904169807614461,0.0547707696414224,-0.029998450616268,-0.0336639938257268,-0.042663261053761,-0.0292718164855372,-0.0424629830114517,-0.0337854841057694,-0.0224519412283886,-0.0242141192885452,-0.0255262213407322,0.00421972579240842
"GDM20231124-2_AGAGTAGA",-0.00930540958846782,0.0293919240366402,0.0858803515409941,0.0707943113206329,0.067696807441995,-0.0375051354212804,0.0417310276563684,-0.0276643811803412,-0.0122745709368113,-0.000549407030508525,-0.00653778174251162,-0.0237999037355255,-0.011409020417029,-0.00316589612016247,-0.00572116497569643,-0.019476322624964,0.0743103389086651
"GDM20231124-9_CATGCCTA",-0.0015338541579441,-0.0174686141463163,0.0382763158068071,0.0359372546097902,-0.00866362022048142,-0.0279244207255132,0.00990471554844218,0.0965694098179981,-0.00160848789161921,0.00585467710092019,0.00349552607373077,0.0183130572928559,0.0426526732934437,-0.00983061926707919,-0.0132659603736321,0.00539656880883883,0.0115763866684958
"GDM20230501-I_CCTCTCTG",-0.00393379365378257,-0.00124881363104853,0.0238634302806467,-0.0169255868532083,0.00446122596246729,0.066172074266925,0.0458034986854972,-0.0316424045504026,-0.0219841463387846,-0.0472224778567614,-0.0304112011721586,-0.0320416310814105,-0.0279846283091647,-0.0215052713011191,-0.019913517147885,-0.01965886035512,0.0155605733432632
"GDM20230501-I_CAGCCTCG",-0.00532895438110175,-0.0228009786866582,0.0212364787215975,-0.0175740445716426,-0.0121039778750008,0.0793490828457582,0.0514993945893768,-0.0185456524533126,-0.0315634512862746,-0.0467589542946511,-0.030399909965351,-0.0350695616632863,-0.0244853401056476,-0.0230032985120305,-0.021561397809883,-0.0227503760112569,-0.00196955981443152
"GDM20230501-I_GTAAGGAG",-0.0269995276721831,-0.0176198652995286,-0.0280686482065799,-0.0224537759963151,-0.0286301742624323,0.00154929083475239,-0.0266917850824757,-0.0140948688848348,-0.0164627421387325,-0.0275635776965292,-0.0140618647190047,-0.0192487131639659,-0.0378131982488239,-0.0115838329646435,-0.0118979520859108,-0.0200946973663313,-0.0289126133734884
"GDM20231124-1_GTAAGGAG",-0.0133725816826439,-0.00393352721279934,0.105755389336236,0.109369903024645,-0.0224614343587464,-0.0307283370790511,0.0234800688942079,-0.0266516803519096,0.00639125666243423,-0.0178955829912714,0.0186797085683765,-0.0124402625346264,-0.0178784884956718,0.00736287948153895,0.000221230754450083,-0.0147240514651256,0.012013838508052
"GDM20230502-III_GCGTAAGA",-0.0269419450939855,-0.00895717868087485,-0.0569878560161717,-0.0234225577395481,-0.0377111194767939,-0.0332124906879741,-0.0615082618040817,0.0472746517553544,-0.0109428137081438,-0.0107393655408298,-0.0116986574099393,0.00645005321155568,-0.0275610542761982,-0.011788422085931,0.000785687673675301,-0.0134362384158958,-0.0489124973088383
"GDM20230502-III_CTCTCTAT",0.0100090877792869,-0.0120313650953292,-0.0147813367915227,-0.0120787855576452,-0.00033797621109065,0.00268809001436011,-0.00675011345841247,0.029177873506723,0.00411186575891235,-0.000123383629848881,0.00109455495682308,0.00372571726346228,-0.0242811405586235,-0.00865124499195659,0.00300376649661455,-0.0112109887071596,-0.00524659388470716
"GDM20230502-III_AGAGTAGA",0.0233990502080789,0.0148822463420984,-0.0126638543308618,-0.00529097740490243,0.00782181838402831,0.00883588585594849,-0.00354574124058881,0.0703820722915385,0.00492154746657781,0.0140374747965549,0.00659967551112324,-0.00581989809995524,-0.018613539321347,-0.0200677419171098,-0.0140158873043611,-0.0138427548594222,0.0138125319805178
"GDM20230502-III_TCGCCTTA",-0.00532369661717391,-0.0262723095726976,0.0317623366052747,-0.0201045405834033,-0.0228306292043512,0.0816840349713798,0.0592302308065575,-0.0270834316858702,-0.0379187670248391,-0.0633925043202123,-0.0349750739788043,-0.0412047441056857,-0.0361692583573525,-0.022926826293601,-0.0254814006295194,-0.023975377513209,-0.00295500452341754
"GDM20230502-III_CTAGTACG",-0.0129719582317183,0.0197685936721206,0.0131594705967645,-0.0131485327687278,0.00238386496222039,0.0516230042814554,0.0392792045200086,0.0197663813732552,-0.00336882334490557,-0.0212301531318486,-0.0126626969320585,-0.0249994367560663,-0.025876092360992,-0.0199668364262057,-0.0197464895381074,-0.0212322667781253,-0.0191312973768693
"GDM20230502-III_TTCTGCCT",0.00117353664587422,-0.000726125615493078,0.029928082066658,-0.0137947604732369,0.0217071015897651,0.0566908314357795,0.0449330299635849,0.00556935954082187,-0.0302171393479727,-0.0551250272373514,-0.0267014616426514,-0.0383700902741675,-0.0275980949453314,-0.0199970455486908,-0.0205505112251525,-0.0249637466739829,0.0347409032517561
"GDM20230502-III_GCTCAGGA",-0.00143675733658558,-0.00442314544755943,-0.0153370662569036,-0.0150865381143931,-0.00817989528838643,0.0245917629454567,-0.00224119257597502,0.00957144197517234,0.021306168544225,-0.00298342965927849,-0.00256749272482254,-0.000801685669536037,-0.0299611098969774,-0.0201805943503701,-0.00715496370529956,-0.0158295014623046,-0.00847085953753399
"GDM20230502-III_AGGAGTCC",-0.0195871099721814,-0.00709900667854597,0.00363840462259484,-0.0145195226815281,-0.00700379381440124,0.0390935338069521,0.0174415924543306,0.0085776755023083,-0.0252739198657004,-0.0170167392879367,-0.00852645139866147,-0.0131358606066416,-0.0209530389086823,-0.015461350264036,-0.00985032260255311,-0.0157640295392513,-0.0032990994810751
"GDM20231124-1_TCCTCTAC",0.00578105802508126,-0.000922132494624082,0.154677763669519,0.179619511494452,-0.0251247335586928,-0.0286980105175183,0.0143573751773518,-0.0212425805659641,0.0275985838217154,-0.0158958946371935,-0.000579560146903581,-0.010036797925331,-0.0156802808639284,0.0258617049638046,0.0118444475195394,-0.0153976199565104,0.0289509180985005
"GDM20230502-III_CATGCCTA",-0.00577783422710685,-0.0169242958793484,0.0302693872314789,-0.0205632828384,-0.016982115876056,0.0759125934608882,0.055294991089798,-0.0285010675140749,-0.0324299718847877,-0.0550256958445336,-0.0310819502308672,-0.0383431880899811,-0.0333379644380293,-0.0218573741356732,-0.0250050572743452,-0.0253608930648463,-0.00335399850143855
"GDM20230502-III_GTAGAGAG",0.00282710770882681,-0.00244408781477314,0.0365384087309816,-0.00805861200575683,0.0220820483159693,0.0642624629119685,0.0527794064758538,-0.0154321066199894,-0.0327221920172481,-0.0380658679608012,-0.0282872658275001,-0.0387747180003256,-0.0270220974974668,-0.0223596081964207,-0.0224906303809485,-0.0237566215504715,0.0369370902094903
"GDM20230502-III_CCTCTCTG",-0.0103102547170833,-0.00316225222657738,0.0266673625349116,-0.0158465284364829,-0.00266137022225347,0.0788886497008118,0.0513691867113663,-0.0165834426852625,-0.0304563351451388,-0.049769243388783,-0.029241136433679,-0.0380437799895333,-0.0314062905928221,-0.0213797436367305,-0.0176595184032165,-0.0221952045127991,0.00743211609714345
"GDM20230502-III_CAGCCTCG",-0.00653095235698966,4.15189980548876e-05,0.0338549574808451,-0.0136916463308857,0.0173736033274396,0.0757816953020308,0.0584273295685421,-0.0314946522982965,-0.029687864273907,-0.0472173854846645,-0.0306443991937709,-0.0388231596662168,-0.0297264064887593,-0.0222576313526783,-0.0236232209777212,-0.0241708525893711,0.0308508707210754
"GDM20231201-1_GCTCAGGA",-0.00666647254340736,-0.00765819060296433,0.00396733775114313,-0.0139678247188604,-0.0210111139152969,-0.0339307026839809,0.0119011676695686,-0.00389436470577437,0.0132542089568409,-0.0172594466803986,-9.88515479374737e-05,0.00874009238482915,0.0367059366371646,0.00282730324178742,-0.0106293770889697,-0.0132091100713634,-0.0088618768337872
"GDM20221104-I_CCTCTCTG",-0.00871488765657138,0.0247206044850273,0.0370722239969716,-0.00483471935108155,0.055643858698501,0.0542431164203335,0.0459365261631877,-0.00960847423088334,-0.0249331547262047,-0.0221916733349036,-0.0206264959886771,-0.0294791877881594,-0.0208200420686885,-0.0217044039636412,-0.0210756955984906,-0.0166354295906159,0.0614517513883619
"GDM20231201-1_AGGAGTCC",-0.0159925036321743,-0.0133172262309475,-0.0313538772532776,-0.0050802872495821,-0.035683433434942,-0.0591887195102361,-0.0440158973119093,-0.0111308405590275,0.00706389901663908,-0.00982413766353245,0.00936442298392589,-0.000791540239022048,0.0232908730446007,0.0561511580634055,0.021340737658224,0.00428384389762711,-0.0299093304025835
"GDM20231201-1_CATGCCTA",-0.0204606157414765,-0.0126123967891034,-0.0264851902490157,-0.0109318840966604,-0.0428689339974932,-0.0477010713693392,-0.0233126850502612,0.0139420519672262,0.0271353030951407,-0.0151995764645958,0.0138431388875243,0.0391849775655378,0.0652405385177416,-0.00429716759379511,0.00327985360546315,-0.0179496213528877,-0.042227325834884
"GDM20221104-I_CAGCCTCG",-0.00817652026591968,0.00221461741857021,0.00616548543642153,-0.00671202101949359,-0.00127518464268553,0.0416269463479143,0.0189133707138011,0.0323468246867365,-0.0134974404878038,-0.0396353817389949,-0.018959134799279,-0.0276549006402222,-0.0250297371790444,-0.017553855904879,-0.0034463189142483,-0.0107917604657422,0.00881869324115687
"GDM20231201-1_CCTCTCTG",-0.00986473509342942,-0.00248066041263814,0.0255386639262647,-0.0079412431664321,-0.0084214159311578,-0.0195534383059852,0.0442072290295321,-0.026058204481365,-0.0145701155675489,-0.0473984505931063,-0.0155364012508871,-0.0243903134380519,-0.00200521799078369,-0.0179255317307011,-0.0180450444733049,-0.015647903994108,0.000107614572769522
"GDM20231201-1_CAGCCTCG",0.00198385596393947,-0.00756994314857812,-0.0223010632510137,-0.00756142850300572,0.000380387279608252,-0.0590603025082294,-0.0231717626112405,0.09191976099591,0.0134739057089137,0.0672493953406031,0.0102032818505856,0.0244208027752526,0.123082039302477,0.00227568514094292,-0.00321943943438828,-0.00850340628511604,-0.00119237639775395
"GDM20221104-I_GTAAGGAG",-0.00287175172811024,0.0142680962474365,0.0374045564269207,-0.0093818914467789,0.0407093267960626,0.0668913442743089,0.0545826808428078,-0.0289251313597388,-0.0293539178539526,-0.0380057593294963,-0.0258262906747117,-0.0380638428133357,-0.0233718120694157,-0.0213552228518963,-0.020349483279607,-0.0218797593612074,0.0571483313308097
"GDM20231201-1_GTAAGGAG",0.00515522756980577,-0.00277383863104365,0.0137859611439959,-0.0103352434263448,-0.0135474826728104,-0.0312290895524364,0.0265042266404091,-0.0130322982425654,-0.00136566191589285,0.00446661960236361,-0.0101367469845284,-0.00133914410206624,0.0107903133694646,-0.00980183686199272,-0.0169435353172163,-0.0138271213720239,-0.0129360990185682
"GDM20221104-I_TCCTCTAC",-0.0143336355258852,0.0210000130427883,0.00794026133259031,-0.00739915769844773,0.0411921251556593,0.0219796229997355,0.0178852751366209,0.000366929320724279,-0.0111915456695548,-0.00959405297433843,0.00177079206938048,-0.0198946000320313,-0.0235125963303517,-0.00763930039749495,-0.00079870129876191,-0.00914017978192522,0.056465143614957
"GDM20231201-2_TCCTCTAC",-0.00972176463563389,-0.00124449294072436,0.0296844182046754,-0.0104527112736897,0.0225523672176921,-0.0222815905182909,0.057501318026905,-0.0268786113345538,-0.0272152477693455,-0.0429328678072935,-0.0290254889705743,-0.0311485868577314,0.00131518441660635,-0.0210302964832055,-0.0209353838458055,-0.0247585233570642,0.0262855031425789
"GDM20231201-2_ACTGCATA",0.0127576955483862,-0.00591395337738325,0.0305208264097066,-0.0112336619938681,-0.00286704805367541,-0.0263297057457377,0.0368061433248095,-0.00974980370313205,-0.00648647459392345,0.00113715103588462,-0.00536563961279211,-0.00792656839506987,0.0630356748110062,-0.021783871594764,-0.0113504262840517,-0.0143525108464686,0.0167190025911568
"GDM20231201-2_CTAAGCCT",-0.0149264040465189,-0.00261933093990981,0.0184187330405336,-0.00333332149934848,0.0417143610635331,-0.0382049750101912,0.0323300760389424,0.00486354089311337,0.00318494152944565,-0.00429239118391838,-0.0193096395019338,-0.00410192685455584,0.0373186006887617,-0.00633557643101876,-0.00853115765268994,-0.0188602291476558,0.0581879657706006
"GDM20231201-2_TCTCTCCG",-0.021658071122993,-0.00968147517692393,-0.0028357676454836,-0.0116037247153,-0.0241191393429507,-0.0386295758228149,0.0109731415841798,-0.00642881753735941,0.00191448809460859,-0.0104801053562623,-0.00445230710249367,-0.00727342208149283,0.0266205963535726,-0.00660219962133341,-0.00962507269520813,-0.0132333948957558,-0.0174173797438715
"GDM20231201-2_GCGTAAGA",-0.0193193619190984,-0.00336722358940449,0.000120756438178256,-0.00848366592686083,0.0218160120194084,-0.0419034434892188,0.0216631204271038,-0.0175355255970568,-0.00487373918033326,-0.0290227242755683,-0.0128566854162111,-0.0136579283863813,0.0473347634657502,0.0239425629872671,-0.00647619495457543,-0.0123013798585061,0.0280010396466954
"GDM20221104-I_ACTGCATA",-0.00133709887775165,0.0294321978516893,0.0250825154268899,-0.00153965009526721,0.0594335850283789,0.0390295794705676,0.0363542774069376,-0.0108618751849558,-0.00991595634040136,0.0082828529065416,-0.0120731593808618,-0.0313700117258237,-0.0177027063600001,0.00677698816066526,-0.0189487404901084,-0.0211986770845443,0.0576688678252141
"GDM20221104-I_AAGGAGTA",0.00429995324794296,0.0333959902801516,0.0269157879191653,-0.00439323536307578,0.0653658921191614,0.0446165464350318,0.0430011707173232,-0.0117638254253202,-0.0144056990183935,-0.00885773391056081,-0.0135383797083096,-0.0308411713585033,-0.026286008911105,-0.0202447006748433,-0.0177631938228416,-0.0174658992964738,0.0625268540329311
"GDM20221104-I_CTAAGCCT",0.00656541740434256,0.0225675343346499,0.0355140765420566,-0.00703014777385505,0.0575008828286,0.0514774457854996,0.0496983050805969,-0.0251346698949611,-0.0207236698592334,-0.0277854095686172,-0.0168914026361699,-0.0389441222504311,-0.0269713168561467,-0.0209170443321679,-0.019836055433872,-0.0239341063182688,0.0499835532149233
"GDM20231124-6_TCCTCTAC",-0.00889842616540476,-0.00998109011528929,0.0438746873290679,0.0324861528505973,-0.00479149394789113,-0.0454443316512684,0.0104804497457263,0.00928784731339865,-0.00182259896594892,0.0122778410149107,-0.0102675116298385,-0.00208454997890675,0.0176337908759589,-0.00565503541374705,-0.00612225480424745,-0.014024134203379,0.0100141120449642
"GDM20231124-6_ACTGCATA",0.0105114093357531,-0.0034815404855649,0.0354236122378654,0.134807057487664,-0.0296683135014654,-0.0738326941501964,-0.0752774108938278,0.0536595429310144,0.0189856249530984,0.0416571159997382,0.0625241173354917,0.112692046543272,0.12425054430587,0.0216867424744756,0.0558499528706662,0.041325306497802,0.000270916321838388
"GDM20221114-I_CATGCCTA",-0.0139182784211496,-0.0124589338282012,-0.0130810768557,-0.0107693988006667,0.00654745437320624,0.0159592024923029,-0.00364611848020334,0.00429100519106063,-0.029611990644931,-0.0183138917292746,-0.0110162703944846,-0.0270484550889691,-0.0297960775456259,-0.0176460274145638,-0.00623151627358148,0.0359255028892792,-0.00664690922635582
"GDM20221114-I_GTAGAGAG",-0.01685864168709,0.0100383977429,-0.00493423529883631,0.0053267590532455,0.0452552143336275,0.00122687420737359,0.000917886982147544,0.0199578926401511,-0.0112381179703409,-0.00426304329950511,-0.0090723083024509,-0.020339050581549,-0.0228407415077665,-0.00888455028438061,0.0120872582356793,0.00570597563986225,0.0266377911340989
"GDM20231124-6_CTAAGCCT",-0.00814288786641805,-0.0221896901561069,0.0118472401153237,0.0227056000708906,-0.0271894392355095,-0.0403838382664201,0.000950517610942719,0.00716772022100228,0.0201499081409829,0.00971098788396877,-0.00862143250201932,0.0128439257163284,0.0475831500328103,-0.00454332363460281,0.0153533893555463,-0.00595422662970815,-0.0189903685517538
"GDM20231124-6_TCTCTCCG",0.00620604632173627,0.0237841615001958,0.0127003980640578,0.058183063997166,0.00138783724863894,-0.056758807235789,-0.0325525162333379,0.0292689180440366,0.103716970673368,0.0822476091109225,0.0358325499711575,0.110414506438809,0.0976346275104431,0.00135278501791019,0.0187083564707242,0.0100989822017437,0.0248114906758782
"GDM20221114-I_CCTCTCTG",-0.0214588578756645,-0.0096269813958767,-0.028672294021839,-0.0182052592876632,-0.0149540707490307,0.00962911697094807,-0.0180176555575714,-0.0379269609768658,-0.0254341397366308,-0.0312215518336526,-0.0320568021413325,-0.0335097613446278,-0.0349168253720905,-0.0214541221447702,0.0117888050361825,0.0984053657640462,-0.0199053827491207
"GDM20221114-I_CAGCCTCG",0.00922118223945102,0.0574045314112969,0.00731378778915032,0.00367880533331138,0.105006754440689,-0.00117404997030779,0.00997889539356365,-0.0122594267313405,-0.00591389820619169,0.00743949017721721,0.00344841011644296,-0.0213445933190786,-0.0208984329361621,-0.0166924007683112,0.00681590386861435,0.00767387130302886,0.0716899887240324
"GDM20231124-6_CTCTCTAT",-0.00489638964406676,0.0012699905207924,0.0359953583649672,-0.00597428231657711,0.0297028101646324,-0.0235861789792914,0.055405166815784,-0.0287809999575292,-0.0282368302716188,-0.0285992417097602,-0.0222706048077971,-0.0317107237741498,-0.015099693467785,-0.0209698491822528,-0.0227883560227173,-0.0223786446245323,0.0393427019631859
"GDM20221114-I_GTAAGGAG",-0.0118960006745109,0.0445739426848747,-0.0140960488033231,0.00949886794096763,0.0779430205138725,-0.0230081141265239,-0.0176849483410616,-0.00808507024771821,-0.0106864318396231,0.0798729151144179,-0.00180213907251766,-0.00957466308507438,-0.0155346698892687,0.00434688248405769,0.0307899712290301,0.0196091704135359,0.0472040446771913
"GDM20231124-6_AGAGTAGA",-0.0011288687167636,0.0269399755494195,0.0261617674470305,0.00316280711364248,0.089015804765448,-0.0422509925045382,0.0360113202142223,-0.0157393834660969,-0.00985819605593952,0.0501691288028779,-0.0010107447703644,-0.0223660708029755,0.00157606591543116,-0.0204795367414248,-0.0195149919059856,-0.0155513009943072,0.0748307771040987
"GDM20221114-II_AGCGTAGC",0.0027494974603763,0.0687610784109001,-6.83605025599606e-05,0.0195296083606523,0.153486689310783,0.00283331646414821,0.00756633010961749,-0.00866461860068278,0.0100459045475906,0.179540052349313,0.0321626450354862,-0.00239713069163116,-0.00375189114143649,-0.0185479460587549,0.00366980451539034,0.0250649377468167,0.0995861473024388
"GDM20221114-II_TCGCCTTA",-0.0036349874433218,0.0692525279437482,0.0200649636366457,0.0125343504327169,0.157794523770412,0.0144274980197135,0.0190686944497451,-0.0102852985892202,-0.00017548349746824,0.145035419375655,0.0143182557836003,-0.00946126913693171,-0.0092114710084309,-0.0188445151201057,-0.00932938977554101,-0.00518116917471381,0.117273730720417
"GDM20221114-II_CTAGTACG",-0.0101498119614873,0.0647302902946882,-0.002870230156169,0.0198072639738351,0.133122937260938,-0.00650255198758696,0.00589909703549235,-0.00339879793098633,0.00325924485029108,0.104035774152134,0.00888178942920207,-0.00677488756158972,-0.00908523472336888,-0.0159492835339821,0.0104989336539064,0.0236981849043639,0.0908108232568645
"GDM20231124-6_AGCGTAGC",0.0106356115517913,0.0401221108975899,0.034830796039495,0.0179743922461063,0.108797011606568,-0.0431893619041919,0.0366085454181076,-0.0178959829317565,-0.00168053197635939,0.0420915495640513,0.00676264584613059,-0.0199175664368016,0.00949976080591257,-0.0201114535625408,-0.0130309153842434,-0.0152149325147209,0.0777899271441473
"GDM20221114-II_TTCTGCCT",-0.00290308351733327,0.0318584270123044,0.0355462205486627,-0.000907454582025361,0.0811318608746437,0.0418192972991516,0.0441397007441922,-0.0152631694296745,-0.0156242476948699,0.00838717114144032,-0.0151131627236027,-0.0307110524853012,-0.0206292140945853,-0.0219006046570912,-0.0202664823955378,-0.0200317259277133,0.0710808135831122
"GDM20231124-6_TCGCCTTA",0.00583851043395912,0.0118747988010581,0.0233301520286362,0.00108493270684595,0.000715653572200196,-0.0324915715140415,0.0284254870791048,-0.0171406120309383,-0.0160600628437106,0.00353120095751454,-0.00833541720841545,0.00468008333056669,0.0155075906008146,-0.0140179233375074,-0.021553996941584,-0.00919432892272402,0.0100573889031845
"GDM20231124-7_GCTCAGGA",-0.0231619506732909,-0.000785122915115133,0.000325945252096586,0.00107545940378619,-0.00361243576204524,-0.0431801743740448,0.00965799402351624,0.000272109966086586,0.0231333579393464,0.0285613294244502,0.00578299897481163,0.00319174838060774,0.0253093780130051,-0.00464031911173408,-0.00484599977293111,-0.00458683269731405,0.00990520391390308
"GDM20231124-7_AGGAGTCC",-0.0440245027680147,0.00200042899185679,-0.0629095390095119,0.012952886247092,-0.0441593669704687,-0.0691156775946209,-0.078276014001509,0.068558715808569,0.0726012963141635,0.0271565238377429,0.0294583027248126,0.0694167790153686,0.118948828260113,0.0365404291856002,0.0274315631737132,0.0105490582371167,-0.04075780529642
"GDM20231124-7_CATGCCTA",0.0324161910476551,0.0213222719917651,-0.0109072779970136,0.0275894090429072,-0.0131218265698173,-0.0541033064521183,-0.030549549851495,0.078659202418528,0.0409444194958421,0.0473204409140517,0.0682788101288191,0.109791682167976,0.177365612413518,0.0298992452372409,0.0508436030153705,-0.0019911451337432,-0.00762333666399143
"GDM20231201-3_TCGCCTTA",0.0170160203339754,-0.00908514072502022,0.0163228900566843,-0.0134507934727879,-0.00839301906125134,-0.0272366418298578,0.0329962002721662,-0.0184629912625037,-0.0165908896856853,-0.00464440168506984,-0.00113009701375557,-0.00501498744967439,0.0103229410231313,-0.016567223176563,-0.0177317678993577,-0.0186113548265233,0.00802853511572942
"GDM20231201-3_CTAGTACG",0.0348539976477101,-0.000734650387114827,-0.00920390652970365,-0.0152370479725116,-0.0271836320388109,-0.0426026349617797,-0.000524526440936629,-0.0137499090050075,0.0168297459557625,0.0134786170580915,0.00718994667954486,0.0235454925380621,0.00383219288461206,-0.0212639826697659,-0.00937237137406542,-0.0028255652952261,-0.0037653958116139
"GDM20231201-3_TTCTGCCT",0.0146305441715483,-0.0223839985039394,0.0127862797810898,-0.0228839703703822,-0.0252595733141909,-0.0245419556222853,0.0296644143489706,0.014954698507434,-0.0166298218481787,-0.0333675284109901,-0.018412087547057,-0.0146324451971261,0.034261510912515,-0.0151558178013645,-0.0248352601856503,-0.0222748441377891,-0.0208214740043185
"GDM20231201-3_GCTCAGGA",-0.00857559518594992,-0.00388299820734568,-0.00231102854774739,-0.0171120901220847,-0.0269090695910531,-0.0358155146164523,0.00490604833269789,0.00973983183845192,0.0149781979177362,0.00125808637386341,0.0148731168959855,0.0360665505545684,0.0674794496468365,0.00172160098133367,0.00546424537937211,0.00513768308581393,-0.0193785502702584
"GDM20231201-3_AGGAGTCC",-0.0235351082129254,-0.00372081696196187,-0.0491798133815167,-0.0112652382652995,-0.0456130677365387,-0.0673031693209889,-0.0666171126577329,0.0813638553967081,0.00746938590089655,0.0174253589342528,-0.00689772376097984,0.0156796881145783,0.233316575061851,0.0152184289464104,0.0312229533840564,0.000609575226733556,-0.0303221520150685
"GDM20231201-3_CATGCCTA",-0.0133760775196124,-0.00558681440079597,0.0240499202428279,-0.0157970122921799,-0.0140955416259798,-0.0272818275738849,0.0465381263856747,-0.0302292962379808,-0.0273743937411584,-0.0597202123718427,-0.0324932303731965,-0.0408596494749047,-0.00468790238180798,-0.020187619725759,-0.0136244860132721,-0.0136674400761876,-0.0215056730561109
"GDM20231201-3_CCTCTCTG",0.0082690006684931,-0.0164640127968049,-0.00947016460252376,-0.0119856619073544,-0.0441244941504462,-0.0413090312850023,-0.00301536796581909,-0.00714597191106049,-0.00278262111828861,-0.0238272698669199,-1.53368086762121e-05,0.029007743939597,0.00019163392015849,0.00978812625482004,-0.00160136202469061,-0.0140269459280152,-0.0422438751160425
"GDM20231201-3_CAGCCTCG",-0.0142947654001233,-0.0191012930596182,-0.0156298523092515,-0.0190115223741173,-0.0320002308631241,-0.047141648277024,-0.00409046707738154,0.00634293922749099,0.00747116548963258,-0.00229989660324844,-0.0185732903169768,0.00201969028727233,0.0590369688981753,-0.0137333619533492,-0.0128876240550302,-0.0161054163775641,-0.0209656457650394
"GDM20221114-V_TCCTCTAC",-0.0132730326076824,0.00486306460089867,0.0250377299706664,-0.0106199152793282,0.0275462989782666,0.0595994416718477,0.0534400849169551,-0.0330636387828149,-0.030471629064435,-0.030269241863043,-0.0273756542258427,-0.0436444913531233,-0.0286031839613867,-0.0231833931506696,-0.02015060038238,-0.000974619687942226,0.0334428097757954
"GDM20231201-3_GTAAGGAG",-0.0296930926328205,-0.0170271931514063,-0.0155124903681505,-0.0136335664543897,-0.0295820491969075,-0.0379294953051036,-0.00916642161700533,0.0121445456085209,0.0469990611230785,0.0101325463098634,-0.0179318227526709,0.0124351633648843,0.0410431666145206,-0.0108371675176451,0.0087290976969425,-0.00888465388923093,-0.0305567812232012
"GDM20221114-V_ACTGCATA",-0.0048250712735173,0.0763724601324243,0.0268121974766843,0.0160488464606026,0.134968301512616,-0.0475719550109983,0.0342093914218677,-0.0119772470937938,0.00571013961150062,0.194258968324168,0.0302904943091353,-0.00839816745808343,-0.0024928301927396,-0.0224141014990826,-0.0184609583054168,-0.0196633533109306,0.106152490062797
"GDM20231201-3_TCCTCTAC",-0.0307760456636997,-0.0253985946465061,-0.0825578640277491,-0.00614968943499624,-0.0532527471148449,-0.0759037157235269,-0.100487188287851,0.0310435821528544,0.000423911631683302,0.0023255038847793,0.0838552942508267,0.107474512424752,0.0696296574912241,0.0750053328930816,0.0276128442758108,0.0168282394523491,-0.0760741495723155
"GDM20231201-3_ACTGCATA",0.028359872295785,0.00571532609078709,-0.0403483820509843,0.00197341941170236,-0.00799434340719907,-0.0596796194533721,-0.0493754506894814,0.0812673304940641,0.0325083051180778,0.0911543993343893,0.0578404060392443,0.0951660850199945,0.106805563538645,3.76489279306754e-05,-0.00537359720327434,0.00534011262976646,-0.0267147025607442
"GDM20231124-8_TCTCTCCG",-0.0189079239767051,0.00241815492587541,-0.0110533125835839,0.0036800643376284,-0.0153990871918953,-0.0461653794425065,-0.0110868936823274,0.0768510693820708,-0.000525160047925478,0.0333949843481318,0.0157548347445906,0.00532536579888476,0.105769711744845,-0.00166048744008469,0.00737843855843348,-0.00197379642529165,0.000761529969070053
"GDM20231124-8_GCGTAAGA",-0.0502705713586016,-0.0335317377604853,-0.0919356211222483,-0.00956306064995985,-0.0934731809429365,-0.0931479546147052,-0.116681183596155,-0.0728870906563748,0.0146237122385308,-0.0344819646593341,0.0186216149766769,0.00745131587743862,-0.0452374336958177,0.264705607295122,-0.000652957207050225,0.0500016981046952,-0.116229891406094
"GDM20221114-V_AAGGAGTA",-0.00044720839326398,0.048139803022506,0.0307169820555706,0.0136030012603531,0.111694708774111,0.0261885333025073,0.0346376631335569,-0.0168225235402233,0.00227477332328123,0.12880660142827,0.0126572716959664,-0.00970490847392248,-0.00996130237907449,-0.0190747812478134,-0.0131443325934203,-0.0180560693024261,0.0915345553332701
"GDM20221114-V_CTAAGCCT",-0.00551201932059614,0.057407513905455,0.0160420548365874,0.0167874316549612,0.114442937244402,0.0115007092465545,0.0182259840738399,-0.0117936672027865,0.0181803778674966,0.194522688035291,0.0405023691828108,0.0050314021795176,-0.00657851217035592,0.0101523633896013,-0.014433534811126,-0.0153900968442337,0.087692106628236
"GDM20231124-8_TAGATCGC",-0.0306469083105161,-0.00761584186215704,-0.083043305645868,-0.00147142461780922,-0.0668810901467155,-0.0917486737790495,-0.1128392938585,0.00982828521371638,0.0926478418006289,0.0418627997928343,0.0594361431829668,0.101033111307228,0.106662475830417,0.150890842566617,0.01154069970259,0.0072202174313547,-0.0545291806888455
"GDM20231124-10_CTCTCTAT",0.000325655294544523,-0.004383766973076,0.030365444383278,-0.00642626730056353,-0.00148946638229899,-0.0192459008126796,0.0403752457269278,-0.0128400692771989,0.0137049941164074,-0.0105046598204921,-0.00829702309649008,-0.0180854029870511,0.00730771934989229,-0.0139869645834946,-0.0247924040317589,-0.0228574287043857,0.00902723831002483
"GDM20221114-V_TCTCTCCG",0.00756434145389842,0.101741111775474,0.00592703369945934,0.0290310835858174,0.146920574321691,-0.00647571298578537,-0.00179116935725836,0.0213072953575354,0.0411385132374524,0.285639456965094,0.0637042234414198,0.0136642274822339,0.0105981257923918,-0.013693900893988,-0.00253747215459306,-0.00326065501848384,0.100857921898005
"GDM20221129-I_GCTCAGGA",-0.00913616094030224,0.00622467575362101,0.0322772598084457,-0.0108613177304268,0.0196877734795196,0.0713821455286659,0.0578620365047126,-0.0296753662523637,-0.0249719291523603,-0.0167155107813442,-0.0191402877186113,-0.0331649634296871,-0.0276650926949805,-0.0210326686364479,-0.0197510313481272,-0.0227028738760385,0.0378892457792663
"GDM20231124-8_AGCGTAGC",0.0116580995666785,-0.00626963505554977,-0.0155101305456082,-0.0054410549279173,-0.03057678958036,-0.0513827823859151,-0.0216956652203219,-0.000652949484321241,0.0207483940677628,0.00732972882082337,-0.00072173872248305,0.0383070423851876,0.0259654457119517,-0.000526108407580452,-0.0075290459444709,0.0175231994411242,-0.0305967179843923
"GDM20221129-I_AGGAGTCC",-0.00585317762322879,0.0262490678303651,0.0379581232327024,-0.00286886089035961,0.0692741931044784,0.0470450831032731,0.0466630623218063,0.00663102336820975,-0.0126006420097238,-0.0128499855447012,-0.0179089237711047,-0.0304696047853425,-0.0223134183857054,-0.0207266943931309,-0.0236868179454328,-0.019117615495198,0.074239018485998
"GDM20221129-I_CATGCCTA",0.00293876118741712,0.0379739287156203,0.044717425293782,0.00308734695712307,0.0843873887639676,0.0415250647750953,0.0494204833818054,-0.0200325587921642,-0.0134805789186536,0.0204424035493752,-0.00716618149082134,-0.0275685356348219,-0.0187029341814417,-0.0207014975422518,-0.0226805303176026,-0.0215899936834293,0.0893758458695887
"GDM20231201-1_CTAGTACG",0.078409331361732,-0.00317874797638922,-0.0537661880495616,-0.000200351038546153,-0.0242985185851486,-0.0631486136790538,-0.0594313861814,0.0582157949510099,0.0227217254298129,0.046850732397939,0.01225710940297,0.0470008918460427,0.0611684809329922,-0.0135101866161607,0.00962835607956184,0.047934953822576,-0.030546015311868
"GDM20221129-I_GTAGAGAG",0.00314310027027352,0.0417787696889411,0.0248663577308227,-7.48375873777216e-05,0.0604456495083095,0.04101167414247,0.0340457592273331,0.0218020221813518,-0.0129809153377048,0.000315372151990949,-0.00838288373156274,-0.0177680912115199,-0.00953423496664936,-0.0161242288628248,-0.00934225513248368,-0.0126068296931268,0.0633760230843301
"GDM20231201-1_TTCTGCCT",0.0340013904330349,0.00667387734953029,-0.015102226742337,-0.00847617581830853,-0.0040249887458802,-0.0501084969798976,-0.00934955779261535,0.0499492579310057,0.0461877873790351,0.0398379512982039,0.0248610344550589,0.0388977781711249,0.0873530235867676,-0.00608746462379838,-0.00108029762015054,-0.00900795239912061,-0.0012219076886459
"GDM20221129-I_CAGCCTCG",-0.0191125119738125,-0.0182990682191448,-0.034483644364999,-0.0127092273098606,-0.0160741925248426,-0.000964089274532496,-0.030826431696264,0.055723644532273,0.0100572298490621,0.0102703448681267,0.000887104370548142,-0.0238023045424076,-0.021120899826096,0.070427677276564,-0.00214645615706346,-0.0129392043887638,-0.0128301606554493
"GDM20221129-I_GTAAGGAG",-0.00889609943835271,0.0090875093730918,0.0334779123766696,-0.00927871235141887,0.0436169345315735,0.0651263519330847,0.0567269090573599,-0.0199338741316676,-0.0321316813571074,-0.0323157008994161,-0.0231946657830704,-0.0430046729238021,-0.0258911549601901,-0.021067099327644,-0.0257483052732546,-0.023648031440584,0.0540441558264541
"GDM20221114-II_GTAGAGAG",-0.00584272042959031,0.0313333572639696,0.0404739664826644,0.00198646329587018,0.0782913107873312,-0.0361827528312693,0.045893203667713,-0.00133203375929938,-0.0222298659435299,-0.0137844331223845,-0.01833883357837,-0.0365117386599165,-0.0182107342407337,-0.0193510293253453,-0.0149535268031694,-0.0150355596183649,0.0860947693278954
"GDM20221114-II_CTCTCTAT",0.0180630126785776,0.0379491010975555,0.0451736965865329,0.0118764856841302,0.106212898048647,0.0275026804200754,0.035987305825179,0.00502578035361907,-0.00673746053153831,0.0432219339938624,-0.00556470602418153,-0.0255189279299784,-0.0182738527781523,-0.0200704245839696,-0.0178744627808017,-0.016543597544801,0.11090718387244
"GDM20221114-II_AGAGTAGA",-0.00209196232960229,0.0355424647272743,0.0191090178793557,-0.00185775035261069,0.0649122480892853,0.0151166269630491,0.0157380897341243,-0.0165084748703251,-0.0111854972369911,0.0363658891430597,-0.00220744022828416,-0.0201680967362594,-0.0216454052966917,0.0137029438385835,-0.0201622700167682,-0.0107422720087971,0.0688294618492955
"GDM20231124-1_TTCTGCCT",0.00851796756194148,-0.00657120457319875,0.0950982273007746,0.09307508091176,0.0136615198663812,-0.0330223690332525,0.0357732577608001,-0.0256928488640414,0.00879488015140382,-0.0173770252118623,0.00441059185404735,-0.0101557893792479,-0.0185306448203832,-0.00187997194238544,-0.00245566876273626,-0.0205985506202349,0.0380229103211625
"GDM20221114-III_AGCGTAGC",0.0147774658217114,0.0173116618557662,0.0338644534823768,-0.00691967376784605,0.0497440077651506,0.0597071900113433,0.0512164134513932,-0.00984780300119231,-0.0247503013367389,-0.0248713625726446,-0.0174153703587806,-0.0371316670393338,-0.02350557826701,-0.0188665437674172,-0.0210023070576727,-0.0203323471099397,0.0612747832224634
"GDM20231124-1_GCTCAGGA",0.000614113580128041,-0.00402641688111836,0.129772211401202,0.153953009600629,0.00826245841387293,-0.0341742453015415,0.018914685408516,-0.0198142515555185,0.0167598689612962,-0.0118513187122768,0.011333529610324,-0.00524694574164555,-0.00892201384498771,0.018971299078493,0.00620305101388348,-0.0168096800946624,0.0528840708890731
"GDM20221114-III_TCGCCTTA",-0.00262033310168524,0.0122699982813291,0.0375583829876098,-0.00287133659800357,0.0689725989846715,0.0577611809150152,0.0574140066516655,-0.0271291370543001,-0.0225782217455096,-0.00427696534881755,-0.0175976020695406,-0.0352232259660139,-0.0212906659284339,-0.019215609140437,-0.0215688572334218,-0.0230715588650317,0.0787667655514192
"GDM20221114-III_CTAGTACG",-0.00278017761463631,-0.00466978798734765,0.0248400432505032,-0.00217347634951207,0.0466329830601998,0.0307329413105697,0.0283436712145999,-0.0228212190337945,-0.0202335582794853,-0.0190391342685052,-0.0196394932765079,-0.0333099446588439,-0.0314492097898339,-0.0182453724043397,-0.0161620323538869,-0.0175775482214988,0.0519575895607973
"GDM20221114-III_TTCTGCCT",-0.00525245229218226,0.0290669118170325,0.0360198608353048,-0.002297610160778,0.0661021227364999,0.0491934793652738,0.0492269398303585,-0.0134803303574372,-0.0156089685572402,-0.00518714761674952,-0.0167475951068364,-0.0313152230355111,-0.0198076645196132,-0.0196657869027916,-0.0196628129485835,-0.0188344319977697,0.069817613026121
"GDM20221114-III_ACTGCATA",0.00466097808035745,0.03192479062576,0.0418461852408873,0.00554716192226347,0.0715055109620819,0.0356399859325185,0.0402283145279818,-0.0152321320369157,-0.0156612586862854,0.00177790505314189,-0.0104544560107286,-0.0285957241896418,-0.0217309659242694,-0.0164026546571567,-0.0186109625873698,-0.0172913817312161,0.0704702809029265
"GDM20231124-1_AGGAGTCC",-0.0116692928392595,0.0236865135074691,0.16378352786979,0.203041699604971,0.0123150238597891,-0.0473723155752341,0.0048466012679958,-0.00356697909160992,0.0394418402192893,0.0279963591447723,0.0105805807003784,-0.00769835188799177,0.00186466021516325,0.0313970620658246,0.0213503095443905,-0.0112100635108527,0.0700986384378611
"GDM20231124-1_CATGCCTA",0.00643966342003171,0.0176921699000522,0.126622077021464,0.163744578919264,0.0135051375809996,-0.0529243447027243,0.00780006545231675,-0.0164637438595985,0.0207181880117256,0.00427688047365695,0.0155306357307033,-0.00976173685157164,-0.00926614618557881,0.019931749190993,0.0123026838670093,-0.00406934577772761,0.0512659483191901
"GDM20221114-III_AAGGAGTA",0.00803858623988824,0.053416874035556,0.0346359760582349,0.0104318634029206,0.106310155917104,0.0221401964265127,0.0321146436798593,-0.0114443311290497,-0.00106903764080131,0.0868297267534592,0.00595968369506912,-0.0192867421514872,-0.0160835634074733,-0.0157868135852331,-0.0183840091495698,-0.0179845766053227,0.0981110277886323
"GDM20231124-1_CCTCTCTG",0.000184162331962267,-0.00253103415988116,0.111400967472858,0.119252089383735,-0.013255069989108,-0.0332617268183342,0.0263647152308241,-0.0285321324389807,0.0036005548470679,0.000633894757591732,-0.00111574237178178,-0.0133674419625436,-0.0182977201610913,0.00670146873662862,-0.00214426846610286,-0.0187954544460436,0.0192853044499134
"GDM20231124-1_CAGCCTCG",-0.0183610157690144,-0.0177069865920479,0.0839267714986148,0.179716645149964,-0.0498860176475157,-0.0666019582447709,-0.0628097968803099,-0.0370267998438899,0.0475043865702547,-0.00100075458474737,0.0193227783872092,-0.0018576532806263,-0.0129903737743718,0.162682527191216,0.0172257038149017,-0.00419667235902159,-0.00878720866155416
"GDM20231124-5_TCCTCTAC",-0.0079218281965865,-0.0266863722665539,0.0187653622684897,-0.0132714443559189,-0.0144225242579482,-0.0259331207925535,0.033281625269453,-0.00625484389095039,-0.0275874146636614,-0.0289083085999539,-0.0112184358812601,-0.00705467073635728,-0.00388529272098702,-0.0133281757448597,-0.0170620277392233,-0.0204764576964804,-0.011757710011198
"GDM20231124-5_ACTGCATA",-0.0427965777248134,0.859968936074678,-0.0735459392904081,-0.00151869169559477,-0.0525236471982988,-0.0859915843172731,-0.0886676464062148,0.154676263912999,0.0665612962578064,0.017893294986724,0.0204322318913407,0.00490336479650738,0.164517146596863,0.0231015044726237,-0.0130921086806046,0.00812295571857688,-0.0760797487891332
"GDM20221206-I_AGCGTAGC",0.00497315731283291,-0.000989971715491257,0.0365842279480358,-0.00883637918163621,0.0259665609647934,0.0722767494268387,0.0603040939953065,-0.0284052003518344,-0.0288142062462825,-0.0434414458224817,-0.0286222678427512,-0.0383681579549806,-0.0258543227915204,-0.022095540913194,-0.0232944415914427,-0.022338538709825,0.0404815298841155
"GDM20231124-5_CTAAGCCT",-0.0140750905450637,-0.0235145205663023,0.00123869884368004,-0.000426684475462198,-0.0245109715295402,-0.0408903346172592,0.00971310174667713,0.0223724148909999,0.0189442959407133,0.00370599425011138,0.0133184711879932,0.0249402297829882,0.0496747085433967,-0.0158401657628638,-0.006850168621102,-0.0160895517295651,-0.0215730043492468
"GDM20221206-I_TCGCCTTA",0.024083744952331,-0.00764407366315423,0.0252081334640937,-0.0150060704356819,-0.005144739129056,0.0753417459193362,0.0488966816742966,-0.0218893982107335,-0.0307411376044576,-0.0370175401193459,-0.0147431312297068,-0.0374279497619667,-0.0271206154052755,-0.0199120998132879,-0.0195591555583789,-0.0228267806275009,0.00961072718225067
"GDM20221206-I_CTAGTACG",-0.026625674530179,0.0222194808665463,-0.0348577300227941,-0.00302845744967642,-0.0126801630596564,-0.00490087300659162,-0.0297865598765145,0.171491022953088,0.0122417815459858,0.0179311159969646,-0.015603904567416,0.0214257427760824,-0.0133658996581979,-0.00390475600614135,0.00358278383536688,0.0139787038461912,-0.0273858405831656
"GDM20231124-2_CTAAGCCT",0.00794960482238512,0.00818965735274561,0.208811021566837,0.364925193839612,-0.0272186544819384,-0.0570540250783578,-0.0427871471922706,-0.00759406833530367,0.103081472697341,0.0564117892489819,0.0724789044384311,0.0121704093822794,0.00596785401269441,0.0706622526908871,0.0506588269476182,0.00946374170192734,0.0644909264399375
"GDM20231124-2_TCTCTCCG",0.0209429819683122,0.0135319162990591,0.312177721081048,0.471636252520926,-0.00722041680379659,-0.0568078351300663,-0.0340912368799859,-0.0108690032398882,0.0986351300336024,0.0389141158626549,0.056337512979449,0.01710769455717,-0.00686498927046803,0.108560576021405,0.0671300786227349,-0.0031994509010154,0.0922166365319588
"GDM20231124-2_GCGTAAGA",0.00766951840980074,-0.0117264772467145,0.301867081510153,0.453383863212115,-0.0283018564223589,-0.0675203980517413,-0.0576347761276036,-0.00469728841270141,0.0887788061988849,0.0373970810558856,0.0776399834460199,0.0200399038463485,0.0143595938977522,0.103584524936155,0.0854736032345055,0.00583267018311431,0.067389374189668
"GDM20231124-4_AGCGTAGC",0.00324180562461497,-0.0146255674437508,-0.0116138959003416,-0.0023954467148013,-0.0331930167381925,-0.0449676564919626,-0.00613657531318528,-0.0041681384672209,0.00237393357700468,-0.0264636545829864,-0.00316191069175991,0.0188507511307235,0.0290207984126559,-0.0098180857405578,-0.00682616010292731,-0.00118826376337672,-0.0334798967672967
"GDM20231124-4_TCGCCTTA",0.00898772954091311,-0.0178611896220589,0.0200592693075806,-0.0100171556638701,-0.0171934892340109,-0.0307660177437312,0.0229725363053032,-0.0185539208447005,-0.00651909762197385,-0.0150607360664058,-0.00687282602402596,-0.0106458564199414,-0.0151411896226775,-0.0185555017959044,-0.0145559812444186,0.00251620099757959,-0.0107359839777933
"GDM20231124-4_CTAGTACG",-0.0195190984364838,-0.00887939984719901,-0.0623963818763069,0.00860877413314122,-0.0609570363322793,-0.0820771662088589,-0.107452842647521,0.0623059453807933,0.10464813131183,0.0455788561042804,0.0606559591929266,0.286557307905723,0.127098891598265,0.0450484766150636,0.024979193560486,0.00181998839519238,-0.0747992489419107
"GDM20231124-4_TTCTGCCT",-0.0218147222754631,-0.0206631772107779,-0.0574872554079698,0.0159553916407996,-0.0642124371394729,-0.091603135319159,-0.112570426519995,0.0743513807499655,0.0789817795674117,0.0149150125528795,0.0375709270002707,0.13143193137093,0.233553947738856,0.00654639782952473,0.0449266828949978,0.057071894281873,-0.0587987374797865
"GDM20221206-I_TTCTGCCT",0.00432653213759338,0.0463855535844536,0.0318418773261353,0.0122074280366209,0.122500147615707,0.021380343517497,0.0359366774403705,-0.00967168498383033,-0.00492085083291921,0.0786446591711206,0.00134949003991042,-0.0171117030346706,-0.00946521209836938,-0.0202218257091187,-0.01495935530682,-0.0172282038250708,0.100613010243787
"GDM20221206-I_AGGAGTCC",-0.0124874009845106,-0.00919653311136156,0.0203648772114261,-0.0154136845425174,-0.00849538762696342,0.074107520318607,0.0505573881288227,0.00622163325091492,-0.0331089304686231,-0.0556611334234036,-0.0248144557707582,-0.0337373805998097,-0.0305367052914616,-0.0176463562104471,-0.00743656786847061,-0.0126978718099395,0.0121221025339305
"GDM20231124-4_GCTCAGGA",-0.0423702690499137,-0.0371776475515784,-0.0888724144704567,-0.00672140555631137,-0.0787865929383273,-0.0926134872637762,-0.118139728160273,-0.018758309286537,0.0479148327229623,0.00991957277308124,0.00716444322106778,0.0718128111674854,0.0174628296216663,0.205354912025598,0.0118022071921028,0.0026654813104033,-0.0858055559257684
"GDM20221206-I_CATGCCTA",-0.00287204949845958,0.00595530043297723,0.0394633783560669,-0.011036041837389,0.0375280698966032,0.0650340283379898,0.0601358147875362,-0.0273662065852861,-0.0307310722860318,-0.0384917320324143,-0.0282417172212456,-0.0382867998718004,-0.0260190318928142,-0.0224144066376063,-0.0231482720564315,-0.0231009457425971,0.0411510747167619
"GDM20231124-4_AGGAGTCC",-0.0258652696464849,-0.0455685312299344,-0.079613072634693,0.0160185087824592,-0.0667945807202452,-0.0869357982287172,-0.113480705798832,0.0995001438098229,0.136185224129396,0.0217891760372661,0.0585557752724858,0.104450829289732,0.214892155337944,0.0024555942132324,0.0343404521426917,0.0391400917543967,-0.060860069471328
"GDM20231124-4_CATGCCTA",0.00891293796419949,0.0369348078779635,-0.0199483222991101,0.00731410921040434,0.0184493732751186,-0.056113803494322,-0.0318536217666151,0.0529049410878575,0.0444082340218547,0.134741122068781,0.0367880198444664,0.0663243500496952,0.0911965649179338,-0.00278015311349773,0.00233497893287578,-0.00181106577502769,0.0129848608050216
"GDM20221206-I_GTAGAGAG",-0.00266357166317716,0.0137495816193863,0.0374259716631604,-0.00636837343622847,0.0505662090733456,0.0579491365945987,0.0550772722689024,-0.0179611348129481,-0.0272426276430581,-0.0418642219507864,-0.029287652898045,-0.0368526304064572,-0.0260439151274877,-0.0221460858038508,-0.0190855117627193,-0.0239408248561465,0.0568097729808887
"GDM20231124-5_CAGCCTCG",2.84334936158282e-05,-0.0111587627765126,-0.0476761698505137,0.0109636038556197,-0.0127128617109411,-0.0685560033939818,-0.0710155519992876,0.0938120095356795,0.0201653232212358,0.0743057985817646,0.0482519412658971,0.101377138177365,0.0709950290409744,-0.0016688582632071,0.0155561246505627,0.0258077288761618,-0.0114188323260599
"GDM20231124-5_GTAAGGAG",-0.0141885094513315,0.0183419761525046,-0.0303609592345394,0.0154151000506797,0.0107859149255558,-0.058078110626112,-0.0316686678248977,0.0166767646970611,0.0109178428328619,0.0649814304390407,0.0380582556234545,0.000963680207971132,0.0544798933096692,-0.0115826681573502,0.00160050537100833,0.0428872548651796,0.00865674289825803
"GDM20230501-I_AAGGAGTA",0.0740843881506825,-0.00246377136730561,-0.00449401394660989,-0.0107932087131322,-0.00887002720757308,0.0214617178756055,-0.000919182465163331,0.0427681541054149,-0.00590715477825451,0.00446126608669451,-0.0123878344769071,-0.00359548093008741,-0.0213147084652605,-0.00678756049470974,-0.00138799527326405,0.0051033528625367,-0.00523217471065596
"GDM20231124-5_TCTCTCCG",-0.00336101722651981,0.0250112219189483,-0.0127807510719966,0.0149451719659024,0.0103734823719533,-0.053023258233464,-0.0343962928799501,0.0757044520278894,0.0490634267997155,0.0905712483068615,0.0394659030221721,0.0679134563086848,0.102860153793229,-0.00788809098096754,0.0156629074228784,0.00550971864000796,0.0109050374271488
"GDM20231124-5_GCGTAAGA",-0.0246756847864685,-0.0231838767629775,0.0228871673884165,-0.011703851740121,-0.0185242070913166,-0.0278503075749542,0.033468633787856,-0.0143744858513321,-0.0174754280813813,-0.0298005732494602,-0.00702308283324319,-0.0131358661649979,0.00976424745529402,-0.021489298487528,-0.0204425848996021,-0.0202853844882203,-0.00942320309673756
"GDM20231124-5_TAGATCGC",-0.0368062693847775,-0.0211093153799429,-0.0678183593641173,0.0410589274673496,-0.0557985303846634,-0.0732016083117935,-0.106152633994337,0.105868203577688,0.102453019075273,0.0746546941887483,0.0364587175474397,0.292372426095155,0.191754599896472,0.0207496443852009,0.0553255020249042,0.0607659699241198,-0.0676375761034487
"GDM20231124-3_CTCTCTAT",-0.000343677262005651,-0.0229092424801981,0.00951431326349885,0.00408009947257905,-0.0136462424518528,-0.0388706249814671,0.00741945828938596,0.011106114156786,0.0247806739210912,0.019274303948257,0.00637459674905433,0.0225730219919116,0.0406617880998785,-0.0128099211067445,0.00463302218394438,-0.00512520842893736,-0.0233159161022325
"GDM20231124-3_AGAGTAGA",0.0101342403311935,-0.00583171392741984,0.0134493458267337,-0.0145777404775839,-0.0135247367992037,-0.0319500753395846,0.0248273608497338,-0.0184921122001517,-0.0108226498271143,-0.0390809527864043,-0.0143996181548073,0.00115276217765588,0.0102274942325371,-0.0188356312680854,-0.0190597485379846,-0.0256503485672037,-0.00459360773057023
"GDM20231208-1_TTCTGCCT",-0.00091066175743551,0.0116531700956545,-0.0598021978683247,0.0226523100595528,-0.0241673110485058,-0.0551184919772635,-0.0860318176194352,0.0334380271372401,0.112847951983237,0.075904697479522,0.0879876605594652,0.226955517761275,0.0928138553396116,0.00363565474994494,0.0297891103851664,0.0119730709781978,-0.0331980324920235
"GDM20231208-1_GCTCAGGA",-0.0175108808167022,0.0140941316066328,-0.0214685157400875,0.0179799331175467,-0.0225112438830446,-0.0181073351821578,-0.0463983268111417,0.0700497496122485,0.0228114022285439,0.0257931715756972,0.0278065650515754,0.0741775800042829,0.150599176971719,0.0120111927243131,0.0184989516867792,0.00250808022642488,-0.0194822201479338
"GDM20231208-1_AGGAGTCC",-0.0107262404941129,0.0282305696216542,0.0152100000650065,0.0479213787091401,0.0072330956086883,0.0163209410860042,-0.00392091134338985,-0.0291312120994875,0.773920910199183,0.102431059112026,0.0924599031027959,0.164332475279415,0.0160273693759138,-0.00461853194258666,-0.00660019754278338,-0.00766348148263273,0.0368847098771583
"GDM20231222-2_CCTCTCTG",0.0108544310763576,-0.0169424282341471,-0.0123155444778129,-0.0161812232255257,-0.0312669340076119,0.0366012438659184,0.00689271829253158,-0.0472080504457656,0.00893931372217562,-0.0244916610521705,0.00514138189426043,0.0607570097159134,-0.00244514383411322,-0.0182220819728312,-0.0160833072649223,-0.0221133108822208,-0.0256249862352852
"GDM20231208-1_CATGCCTA",0.00105452412573809,0.0395364351191525,-0.0326742423709348,0.0388147036472641,0.00209176074302493,-0.0490390452145418,-0.0692567593723883,0.145465844595748,0.109491146833633,0.131157428596874,0.838722841612015,0.31238578468825,0.125186883888108,-0.0124754322876446,0.0269469827082097,0.0380151792398877,-0.0175802752757169
"GDM20231208-1_CCTCTCTG",-0.0088490708154143,0.0248992982091046,-0.00192730777337476,0.022127431632122,0.0258540204082438,-0.00463947298196948,-0.0184919490164474,0.0383805864932642,0.0512344831524584,0.0859909477612457,0.101554614393471,0.136676504433337,0.0888673129956895,-0.00876711732385628,0.00516826626959463,-0.00416262489014582,0.00891833159644124
"GDM20231208-1_CAGCCTCG",0.0220016721190275,0.00985919035738683,-0.0708666001914949,0.0130758444134474,-0.0339067963365713,-0.0661800632456785,-0.0857690593716235,0.0580983411128696,0.153966666423939,0.0984749489924906,0.11268874296823,0.204869421892828,0.179834185659942,-0.00137789794018284,0.00939735831641757,0.0365312496255236,-0.0397186751993756
"GDM20231208-1_GTAAGGAG",-0.0150067497865873,-0.0368957575280408,-0.0639818838119565,0.0158083230839608,-0.0370445123059114,-0.0620737128459128,-0.0891738608308201,0.0463472190519321,0.0673189279979123,0.037152836959004,0.0448444516564184,0.103400082877898,0.10753775205608,-8.1116592123751e-05,0.0353167427317464,0.0396884425264512,-0.0457948766634794
"GDM20231222-2_CAGCCTCG",-0.00553152995266814,0.0053959547463195,0.00317021206080734,-0.0159024770246184,0.00969081148282331,0.0377145220567328,0.0184761959899483,-0.0495331257698767,-0.0172994182081054,-0.0352690435134661,-0.011093123357827,-0.0181849173086787,-0.0162729291171364,0.0220107400762241,-0.0225020593011157,-0.0123536045090933,0.00441731288259351
"GDM20231208-1_TCCTCTAC",-0.00851073190343799,-0.00558358849118598,0.0103733107518018,-0.0123656821192981,-0.0269801706651073,0.044953340774689,0.0181968449590591,-0.0243236038200645,-0.00350938724011979,-0.0237658250133967,-0.00278034382367857,0.0115189022511716,-0.00846394052095666,-0.010099534915514,-0.0201300028720237,-0.0154871416530969,-0.0180423524022037
"GDM20231208-1_ACTGCATA",-0.00251609637910181,0.00689286818999913,-0.000523764211282038,0.00123571618393534,0.0208083035995494,0.00614255675264934,-0.000918467981913368,-0.0280472223698821,0.0181084747223203,0.0661184726625509,0.0253852029104891,0.0480515116820977,-0.00407569221729642,0.0298310673584411,-0.0170157440550675,-0.0171987597502474,0.0219999920010225
"GDM20231208-2_CTAAGCCT",-0.0078609608834192,-0.0157448577336554,0.0202170761243591,-0.0173166351751623,-0.0308396054738126,0.0332330475307156,0.0214085484814573,-0.0222021096855015,-0.0150560663493635,-0.0318418618742243,0.00717369391025207,-0.014087669949456,0.0367666681480896,-0.0199756458506393,-0.0186501509256902,-0.00685967024709226,-0.0268893669765979
"GDM20231222-2_GTAAGGAG",-0.0183394451538826,-0.017951855042812,0.0167814883460278,-0.0168839340778477,-0.00720993749746562,0.0640301654865217,0.0364217929804243,-0.042946475624124,-0.0156029863121355,-0.0196045696757609,-0.00780216481423774,-0.0127512164719172,-0.0164718736198844,-0.0188251186325468,-0.0235736423350472,-0.0229811528348915,0.0062686487661398
"GDM20231208-3_TCTCTCCG",0.00078899027509347,0.0418508841530281,0.00252318497723884,0.00246418396118258,0.034497322037664,-0.00442426083297805,-0.01722741435131,-0.0248819440243591,0.0203336842568036,0.118317564254894,0.0434891600158085,-0.0188481910647802,0.062653989463299,-0.0178638179482601,-0.00911523001353461,0.0699903965619031,0.058011512818317
"GDM20231208-3_GCGTAAGA",-0.0053820318163757,0.00234677989467736,-0.0117792000273091,-0.0151134148406938,-0.0397308850826952,0.0379502268531331,0.00299778906408379,0.0177002061249659,-0.0169490046349409,-0.0259771631618974,-0.00751425352705989,-0.00121447332421096,0.0724280986331105,-0.0074779094511169,-0.00655271408151793,-0.0152250626843382,-0.0425385024593839
"GDM20231208-3_TAGATCGC",0.016697138481076,0.0278773632160236,-0.0236447794340777,0.000531592130985998,0.0241378505670322,-0.0299482770129017,-0.0354710758406252,0.0827847005158806,0.0644562212140262,0.135928693145216,0.0835637905755452,0.260804555053986,0.115023584987855,-0.0126644062573364,-0.0144993126913929,-0.00669313814964031,0.00884571936519825
